image_location,ground_truth_caption,llm_question
/home/kalashkala/visual-spatial-reasoning/truthrl-sample/images/000000440123.jpg,The wine glass is at the right side of the dining table.,"""Where is the wine glass in relation to the dining table?"""
/home/kalashkala/visual-spatial-reasoning/truthrl-sample/images/000000157601.jpg,The cup is in front of the sandwich.,"""Where is the cup relative to the sandwich?"""
/home/kalashkala/visual-spatial-reasoning/truthrl-sample/images/000000087813.jpg,The laptop is part of the cake.,"""What is the relationship between the laptop and the cake?"""
/home/kalashkala/visual-spatial-reasoning/truthrl-sample/images/000000026435.jpg,The sandwich is surrounding the broccoli.,"""Where is the sandwich in relation to the broccoli?"""
/home/kalashkala/visual-spatial-reasoning/truthrl-sample/images/000000147142.jpg,The teddy bear is facing away from the book.,"""Which direction is the teddy bear facing in relation to the book?"""
/home/kalashkala/visual-spatial-reasoning/truthrl-sample/images/000000032538.jpg,The cow is touching the person.,"""How is the cow related to the person?"""
/home/kalashkala/visual-spatial-reasoning/truthrl-sample/images/000000053550.jpg,The person is near the train.,"""Where is the person relative to the train?"""
/home/kalashkala/visual-spatial-reasoning/truthrl-sample/images/000000448034.jpg,The dog is on the chair.,"""Where is the dog?"""
/home/kalashkala/visual-spatial-reasoning/truthrl-sample/images/000000208971.jpg,The bed is next to the potted plant.,"""What is the spatial relationship between the bed and the potted plant?"""
/home/kalashkala/visual-spatial-reasoning/truthrl-sample/images/000000099628.jpg,The bird is toward the elephant.,"""What is the direction of the bird relative to the elephant?"""
/home/kalashkala/visual-spatial-reasoning/truthrl-sample/images/000000220042.jpg,The clock is touching the person.,"""What is the relationship between the clock and the person?"""
/home/kalashkala/visual-spatial-reasoning/truthrl-sample/images/000000323334.jpg,The teddy bear is touching the person.,"""Where is the teddy bear in relation to the person?"""
/home/kalashkala/visual-spatial-reasoning/truthrl-sample/images/000000537807.jpg,The dining table is under the train.,"""Where is the dining table relative to the train?"""
/home/kalashkala/visual-spatial-reasoning/truthrl-sample/images/000000502860.jpg,The cup is left of the bowl.,"""Where is the cup relative to the bowl?"""
/home/kalashkala/visual-spatial-reasoning/truthrl-sample/images/000000053183.jpg,The pizza is in the middle of the bench.,"""Where is the pizza relative to the bench?"""
/home/kalashkala/visual-spatial-reasoning/truthrl-sample/images/000000536067.jpg,The cat is touching the wine glass.,"""What is the relationship between the cat and the wine glass?"""
/home/kalashkala/visual-spatial-reasoning/truthrl-sample/images/000000128938.jpg,The dog is touching the cake.,"""What is the relationship between the dog and the cake?"""
/home/kalashkala/visual-spatial-reasoning/truthrl-sample/images/000000093068.jpg,The person is behind the banana.,"""Where is the person relative to the banana?"""
/home/kalashkala/visual-spatial-reasoning/truthrl-sample/images/000000262118.jpg,The bench is at the side of the bed.,"""What is the location of the bench relative to the bed?"""
/home/kalashkala/visual-spatial-reasoning/truthrl-sample/images/000000466763.jpg,The person is touching the hair drier.,"""What is the relationship between the person and the hair drier?"""
/home/kalashkala/visual-spatial-reasoning/truthrl-sample/images/000000235464.jpg,The person is at the right side of the refrigerator.,"""Where is the person in relation to the refrigerator?"""
/home/kalashkala/visual-spatial-reasoning/truthrl-sample/images/000000196307.jpg,The cat is facing the sink.,"""What direction is the cat facing?"""
/home/kalashkala/visual-spatial-reasoning/truthrl-sample/images/000000497628.jpg,The couch is in front of the bed.,"""What is the relationship between the couch and the bed?"""
/home/kalashkala/visual-spatial-reasoning/truthrl-sample/images/000000539259.jpg,The car is behind the person.,"""Where is the car relative to the person?"""
/home/kalashkala/visual-spatial-reasoning/truthrl-sample/images/000000264568.jpg,The oven is at the left side of the person.,"""Where is the oven relative to the person?"""
/home/kalashkala/visual-spatial-reasoning/truthrl-sample/images/000000239452.jpg,The bowl is above the toilet.,"""Where is the bowl relative to the toilet?"""
/home/kalashkala/visual-spatial-reasoning/truthrl-sample/images/000000001139.jpg,The umbrella contains the cat.,"""What is the spatial relationship between the umbrella and the cat?"""
/home/kalashkala/visual-spatial-reasoning/truthrl-sample/images/000000130088.jpg,The person is touching the orange.,"""What is the relationship between the person and the orange?"""
/home/kalashkala/visual-spatial-reasoning/truthrl-sample/images/000000365387.jpg,The toilet is across from the bed.,"""What is the toilet's location relative to the bed?"""
/home/kalashkala/visual-spatial-reasoning/truthrl-sample/images/000000213579.jpg,The person is away from the cake.,"""Where is the person relative to the cake?"""
/home/kalashkala/visual-spatial-reasoning/truthrl-sample/images/000000296471.jpg,The cat is next to the refrigerator.,"""Where is the cat in relation to the refrigerator?"""
/home/kalashkala/visual-spatial-reasoning/truthrl-sample/images/000000393542.jpg,The teddy bear is on top of the bicycle.,"""Where is the teddy bear relative to the bicycle?"""
/home/kalashkala/visual-spatial-reasoning/truthrl-sample/images/000000112845.jpg,The giraffe is far away from the elephant.,"""What is the spatial relationship between the giraffe and the elephant?"""
/home/kalashkala/visual-spatial-reasoning/truthrl-sample/images/000000422886.jpg,The hot dog is in the person.,"""What is the location of the hot dog relative to the person?"""
/home/kalashkala/visual-spatial-reasoning/truthrl-sample/images/000000250951.jpg,The cat is facing the handbag.,"""Which direction is the cat facing?"""
/home/kalashkala/visual-spatial-reasoning/truthrl-sample/images/000000386580.jpg,The tv is in front of the person.,"""Where is the tv relative to the person?"""
/home/kalashkala/visual-spatial-reasoning/truthrl-sample/images/000000473250.jpg,The person is under the umbrella.,"""Where is the person relative to the umbrella?"""
/home/kalashkala/visual-spatial-reasoning/truthrl-sample/images/000000127654.jpg,The teddy bear is facing the book.,"""Which direction is the teddy bear facing?"""
/home/kalashkala/visual-spatial-reasoning/truthrl-sample/images/000000467037.jpg,The apple is at the right side of the banana.,"""Where is the apple in relation to the banana?"""
/home/kalashkala/visual-spatial-reasoning/truthrl-sample/images/000000401144.jpg,The keyboard is at the edge of the dining table.,"""What is the position of the keyboard relative to the dining table?"""
/home/kalashkala/visual-spatial-reasoning/truthrl-sample/images/000000167802.jpg,The cat is touching the cake.,"""How is the cat related to the cake?"""
/home/kalashkala/visual-spatial-reasoning/truthrl-sample/images/000000213135.jpg,The hot dog is touching the person.,"""What is the relationship between the hot dog and the person?"""
/home/kalashkala/visual-spatial-reasoning/truthrl-sample/images/000000068953.jpg,The dining table is touching the umbrella.,"""Where is the dining table in relation to the umbrella?"""
/home/kalashkala/visual-spatial-reasoning/truthrl-sample/images/000000148677.jpg,The cat is on the suitcase.,"""Where is the cat in relation to the suitcase?"""
/home/kalashkala/visual-spatial-reasoning/truthrl-sample/images/000000022501.jpg,The oven contains the pizza.,"""Where is the pizza in relation to the oven?"""
/home/kalashkala/visual-spatial-reasoning/truthrl-sample/images/000000164657.jpg,The suitcase is attached to the motorcycle.,"""How is the suitcase related to the motorcycle?"""
/home/kalashkala/visual-spatial-reasoning/truthrl-sample/images/000000540774.jpg,The dog is facing away from the truck.,"""What direction is the dog facing relative to the truck?"""
/home/kalashkala/visual-spatial-reasoning/truthrl-sample/images/000000071136.jpg,The pizza is on the dining table.,"""Where is the pizza?"""
/home/kalashkala/visual-spatial-reasoning/truthrl-sample/images/000000059683.jpg,The suitcase contains the cat.,"""Where is the cat in relation to the suitcase?"""
/home/kalashkala/visual-spatial-reasoning/truthrl-sample/images/000000241904.jpg,The hot dog is touching the person.,"""What is the relationship between the hot dog and the person?"""
/home/kalashkala/visual-spatial-reasoning/truthrl-sample/images/000000204272.jpg,The surfboard is next to the bed.,"""Where is the surfboard in relation to the bed?"""
/home/kalashkala/visual-spatial-reasoning/truthrl-sample/images/000000127967.jpg,The elephant is on the truck.,"""Where is the elephant?"""
/home/kalashkala/visual-spatial-reasoning/truthrl-sample/images/000000133634.jpg,The sandwich is at the edge of the dining table.,"""Where is the sandwich in relation to the dining table?"""
/home/kalashkala/visual-spatial-reasoning/truthrl-sample/images/000000469499.jpg,The person is toward the horse.,"""Where is the person relative to the horse?"""
/home/kalashkala/visual-spatial-reasoning/truthrl-sample/images/000000323717.jpg,The laptop is under the cat.,"""Where is the laptop relative to the cat?"""
/home/kalashkala/visual-spatial-reasoning/truthrl-sample/images/000000320089.jpg,The dining table is beneath the cat.,"""What is the relationship between the dining table and the cat?"""
/home/kalashkala/visual-spatial-reasoning/truthrl-sample/images/000000382081.jpg,The cow is facing the person.,"""Which direction is the cow facing relative to the person?"""
/home/kalashkala/visual-spatial-reasoning/truthrl-sample/images/000000531983.jpg,The bed is away from the cat.,"""What is the position of the bed relative to the cat?"""
/home/kalashkala/visual-spatial-reasoning/truthrl-sample/images/000000390518.jpg,The cat is on the bench.,"""Where is the cat?"""
/home/kalashkala/visual-spatial-reasoning/truthrl-sample/images/000000004011.jpg,The person is left of the cake.,"""Where is the person in relation to the cake?"""
/home/kalashkala/visual-spatial-reasoning/truthrl-sample/images/000000285180.jpg,The cat is touching the person.,"""Where is the cat in relation to the person?"""
/home/kalashkala/visual-spatial-reasoning/truthrl-sample/images/000000465695.jpg,The suitcase is on the bed.,"""What is the suitcase's relationship to the bed?"""
/home/kalashkala/visual-spatial-reasoning/truthrl-sample/images/000000454637.jpg,The person is with the scissors.,"""Where are the scissors in relation to the person?"""
/home/kalashkala/visual-spatial-reasoning/truthrl-sample/images/000000219492.jpg,The cat is facing away from the sink.,"""Which direction is the cat facing relative to the sink?"""
/home/kalashkala/visual-spatial-reasoning/truthrl-sample/images/000000456422.jpg,The teddy bear is attached to the suitcase.,"""Where is the teddy bear in relation to the suitcase?"""
/home/kalashkala/visual-spatial-reasoning/truthrl-sample/images/000000073197.jpg,The person is against the bear.,"""What is the position of the person relative to the bear?"""
/home/kalashkala/visual-spatial-reasoning/truthrl-sample/images/000000375140.jpg,The dog is inside the suitcase.,"""Where is the dog in relation to the suitcase?"""
/home/kalashkala/visual-spatial-reasoning/truthrl-sample/images/000000030062.jpg,The person is touching the laptop.,"""What is the relationship between the person and the laptop?"""
/home/kalashkala/visual-spatial-reasoning/truthrl-sample/images/000000137507.jpg,The cat is touching the couch.,"""Where is the cat in relation to the couch?"""
/home/kalashkala/visual-spatial-reasoning/truthrl-sample/images/000000320918.jpg,The person is facing away from the banana.,"""Which direction is the person facing relative to the banana?"""
/home/kalashkala/visual-spatial-reasoning/truthrl-sample/images/000000333748.jpg,The dining table is below the bird.,"""Where is the dining table relative to the bird?"""
/home/kalashkala/visual-spatial-reasoning/truthrl-sample/images/000000026733.jpg,The cat is on the laptop.,"""What is the cat's relationship to the laptop?"""
/home/kalashkala/visual-spatial-reasoning/truthrl-sample/images/000000355736.jpg,The person is on top of the cake.,"""What is the spatial relationship between the person and the cake?"""
/home/kalashkala/visual-spatial-reasoning/truthrl-sample/images/000000166631.jpg,The truck is far away from the elephant.,"""Where is the truck relative to the elephant?"""
/home/kalashkala/visual-spatial-reasoning/truthrl-sample/images/000000581422.jpg,The cow is beside the bench.,"""Where is the cow in relation to the bench?"""
/home/kalashkala/visual-spatial-reasoning/truthrl-sample/images/000000269417.jpg,The dog is facing the oven.,"""What direction is the dog facing?"""
/home/kalashkala/visual-spatial-reasoning/truthrl-sample/images/000000172163.jpg,The cat is touching the banana.,"""Where is the cat in relation to the banana?"""
/home/kalashkala/visual-spatial-reasoning/truthrl-sample/images/000000092686.jpg,The person is in front of the dining table.,"""Where is the person relative to the dining table?"""
/home/kalashkala/visual-spatial-reasoning/truthrl-sample/images/000000323243.jpg,The cat is in the suitcase.,"""Where is the cat in relation to the suitcase?"""
/home/kalashkala/visual-spatial-reasoning/truthrl-sample/images/000000435205.jpg,The teddy bear is touching the person.,"""How is the teddy bear positioned in relation to the person?"""
/home/kalashkala/visual-spatial-reasoning/truthrl-sample/images/000000473720.jpg,The dog is facing away from the pizza.,"""What direction is the dog facing relative to the pizza?"""
/home/kalashkala/visual-spatial-reasoning/truthrl-sample/images/000000419443.jpg,The teddy bear is next to the book.,"""Where is the teddy bear relative to the book?"""
/home/kalashkala/visual-spatial-reasoning/truthrl-sample/images/000000130183.jpg,The cat is by the laptop.,"""What is the cat's location relative to the laptop?"""
/home/kalashkala/visual-spatial-reasoning/truthrl-sample/images/000000520694.jpg,The suitcase is under the cat.,"""Where is the suitcase relative to the cat?"""
/home/kalashkala/visual-spatial-reasoning/truthrl-sample/images/000000291822.jpg,The umbrella is above the cat.,"""Where is the umbrella relative to the cat?"""
/home/kalashkala/visual-spatial-reasoning/truthrl-sample/images/000000469770.jpg,The parking meter is beyond the motorcycle.,"""Where is the parking meter relative to the motorcycle?"""
/home/kalashkala/visual-spatial-reasoning/truthrl-sample/images/000000268394.jpg,The truck is part of the cake.,"""What is the relationship between the truck and the cake?"""
/home/kalashkala/visual-spatial-reasoning/truthrl-sample/images/000000499656.jpg,The book is in front of the cat.,"""Where is the book relative to the cat?"""
/home/kalashkala/visual-spatial-reasoning/truthrl-sample/images/000000203128.jpg,The bed is connected to the couch.,"""How is the bed connected to the couch?"""
/home/kalashkala/visual-spatial-reasoning/truthrl-sample/images/000000092115.jpg,The bicycle is part of the train.,"""How is the bicycle related to the train?"""
/home/kalashkala/visual-spatial-reasoning/truthrl-sample/images/000000207090.jpg,The person is at the left side of the bed.,"""Where is the person relative to the bed?"""
/home/kalashkala/visual-spatial-reasoning/truthrl-sample/images/000000099372.jpg,The bird is facing the laptop.,"""What direction is the bird facing in relation to the laptop?"""
/home/kalashkala/visual-spatial-reasoning/truthrl-sample/images/000000045481.jpg,The fire hydrant is next to the truck.,"""Where is the fire hydrant relative to the truck?"""
/home/kalashkala/visual-spatial-reasoning/truthrl-sample/images/000000347884.jpg,The person is at the right side of the refrigerator.,"""Where is the person relative to the refrigerator?"""
/home/kalashkala/visual-spatial-reasoning/truthrl-sample/images/000000484173.jpg,The suitcase contains the cat.,"""Where is the cat in relation to the suitcase?"""
/home/kalashkala/visual-spatial-reasoning/truthrl-sample/images/000000446958.jpg,The cake is under the teddy bear.,"""Where is the cake relative to the teddy bear?"""
/home/kalashkala/visual-spatial-reasoning/truthrl-sample/images/000000032957.jpg,The teddy bear is at the right side of the bench.,"""Where is the teddy bear in relation to the bench?"""
/home/kalashkala/visual-spatial-reasoning/truthrl-sample/images/000000494785.jpg,The pizza is across from the person.,"""Where is the pizza relative to the person?"""
/home/kalashkala/visual-spatial-reasoning/truthrl-sample/images/000000005142.jpg,The bed is beneath the suitcase.,"""Where is the bed relative to the suitcase?"""
/home/kalashkala/visual-spatial-reasoning/truthrl-sample/images/000000396039.jpg,The cat is touching the tv.,"""Where is the cat in relation to the tv?"""
/home/kalashkala/visual-spatial-reasoning/truthrl-sample/images/000000474721.jpg,The giraffe is close to the person.,"""How close is the giraffe to the person?"""
/home/kalashkala/visual-spatial-reasoning/truthrl-sample/images/000000550356.jpg,The cow is in front of the bus.,"""What is the cow's position relative to the bus?"""
/home/kalashkala/visual-spatial-reasoning/truthrl-sample/images/000000319061.jpg,The hot dog is on the bench.,"""Where is the hot dog relative to the bench?"""
/home/kalashkala/visual-spatial-reasoning/truthrl-sample/images/000000574000.jpg,The cat is facing the dog.,"""What direction is the cat facing relative to the dog?"""
/home/kalashkala/visual-spatial-reasoning/truthrl-sample/images/000000011222.jpg,The chair is beneath the teddy bear.,"""Where is the chair relative to the teddy bear?"""
/home/kalashkala/visual-spatial-reasoning/truthrl-sample/images/000000307884.jpg,The refrigerator is facing the dining table.,"""What is the orientation of the refrigerator relative to the dining table?"""
/home/kalashkala/visual-spatial-reasoning/truthrl-sample/images/000000193031.jpg,The oven is next to the pizza.,"""Where is the oven relative to the pizza?"""
/home/kalashkala/visual-spatial-reasoning/truthrl-sample/images/000000166848.jpg,The tv is behind the person.,"""Where is the tv relative to the person?"""
/home/kalashkala/visual-spatial-reasoning/truthrl-sample/images/000000162427.jpg,The laptop is right of the cat.,"""Where is the laptop relative to the cat?"""
/home/kalashkala/visual-spatial-reasoning/truthrl-sample/images/000000447016.jpg,The hot dog is touching the person.,"""What is the relationship between the hot dog and the person?"""
/home/kalashkala/visual-spatial-reasoning/truthrl-sample/images/000000209263.jpg,The hot dog is off the dining table.,"""Where is the hot dog relative to the dining table?"""
/home/kalashkala/visual-spatial-reasoning/truthrl-sample/images/000000459935.jpg,The refrigerator is at the right side of the person.,"""Where is the refrigerator relative to the person?"""
/home/kalashkala/visual-spatial-reasoning/truthrl-sample/images/000000320600.jpg,The cat is inside the handbag.,"""Where is the cat relative to the handbag?"""
/home/kalashkala/visual-spatial-reasoning/truthrl-sample/images/000000480656.jpg,The teddy bear is at the right side of the dog.,"""Where is the teddy bear relative to the dog?"""
/home/kalashkala/visual-spatial-reasoning/truthrl-sample/images/000000147591.jpg,The dining table is below the bowl.,"""Where is the dining table relative to the bowl?"""
/home/kalashkala/visual-spatial-reasoning/truthrl-sample/images/000000499979.jpg,The cake is at the left side of the person.,"""Where is the cake relative to the person?"""
/home/kalashkala/visual-spatial-reasoning/truthrl-sample/images/000000164698.jpg,The bench is surrounding the horse.,"""Where is the bench relative to the horse?"""
/home/kalashkala/visual-spatial-reasoning/truthrl-sample/images/000000259819.jpg,The suitcase contains the cat.,"""What is the relationship between the suitcase and the cat?"""
/home/kalashkala/visual-spatial-reasoning/truthrl-sample/images/000000066976.jpg,The dog is in the middle of the couch.,"""Where is the dog in relation to the couch?"""
/home/kalashkala/visual-spatial-reasoning/truthrl-sample/images/000000045188.jpg,The car is part of the cake.,"""What is the relationship between the car and the cake?"""
/home/kalashkala/visual-spatial-reasoning/truthrl-sample/images/000000533800.jpg,The bowl is at the left side of the person.,"""Where is the bowl in relation to the person?"""
/home/kalashkala/visual-spatial-reasoning/truthrl-sample/images/000000262495.jpg,The person is touching the refrigerator.,"""Where is the person in relation to the refrigerator?"""
/home/kalashkala/visual-spatial-reasoning/truthrl-sample/images/000000526295.jpg,The teddy bear is under the dog.,"""Where is the teddy bear relative to the dog?"""
/home/kalashkala/visual-spatial-reasoning/truthrl-sample/images/000000113271.jpg,The donut is in front of the backpack.,"""What is the position of the donut relative to the backpack?"""
/home/kalashkala/visual-spatial-reasoning/truthrl-sample/images/000000339916.jpg,The handbag contains the laptop.,"""What is the relationship between the handbag and the laptop?"""
/home/kalashkala/visual-spatial-reasoning/truthrl-sample/images/000000357354.jpg,The car is at the right side of the elephant.,"""Where is the car relative to the elephant?"""
/home/kalashkala/visual-spatial-reasoning/truthrl-sample/images/000000473774.jpg,The person is behind the sandwich.,"""Where is the person relative to the sandwich?"""
/home/kalashkala/visual-spatial-reasoning/truthrl-sample/images/000000029128.jpg,The bicycle is over the cat.,"""Where is the bicycle relative to the cat?"""
/home/kalashkala/visual-spatial-reasoning/truthrl-sample/images/000000071090.jpg,The teddy bear is touching the cat.,"""What is the relationship between the teddy bear and the cat?"""
/home/kalashkala/visual-spatial-reasoning/truthrl-sample/images/000000525155.jpg,The sheep is on top of the person.,"""Where is the sheep relative to the person?"""
/home/kalashkala/visual-spatial-reasoning/truthrl-sample/images/000000347995.jpg,The dog is in the middle of the bed.,"""Where is the dog in relation to the bed?"""
/home/kalashkala/visual-spatial-reasoning/truthrl-sample/images/000000459576.jpg,The person is touching the hot dog.,"""What is the relationship between the person and the hot dog?"""
/home/kalashkala/visual-spatial-reasoning/truthrl-sample/images/000000299593.jpg,The bus is in front of the traffic light.,"""What is the position of the bus relative to the traffic light?"""
/home/kalashkala/visual-spatial-reasoning/truthrl-sample/images/000000484929.jpg,The parking meter is touching the person.,"""What is the relationship between the parking meter and the person?"""
/home/kalashkala/visual-spatial-reasoning/truthrl-sample/images/000000337087.jpg,The truck is parallel to the motorcycle.,"""What is the orientation of the truck relative to the motorcycle?"""
/home/kalashkala/visual-spatial-reasoning/truthrl-sample/images/000000579466.jpg,The person is touching the couch.,"""What is the relationship between the person and the couch?"""
/home/kalashkala/visual-spatial-reasoning/truthrl-sample/images/000000039502.jpg,The refrigerator is far away from the truck.,"""How far away is the refrigerator from the truck?"""
/home/kalashkala/visual-spatial-reasoning/truthrl-sample/images/000000318209.jpg,The refrigerator is far away from the sandwich.,"""How far is the refrigerator from the sandwich?"""
/home/kalashkala/visual-spatial-reasoning/truthrl-sample/images/000000394271.jpg,The teddy bear is out of the couch.,"""Where is the teddy bear in relation to the couch?"""
/home/kalashkala/visual-spatial-reasoning/truthrl-sample/images/000000402569.jpg,The sandwich is at the side of the dining table.,"""Where is the sandwich in relation to the dining table?"""
/home/kalashkala/visual-spatial-reasoning/truthrl-sample/images/000000536248.jpg,The apple is in front of the bird.,"""What is the spatial relationship between the apple and the bird?"""
/home/kalashkala/visual-spatial-reasoning/truthrl-sample/images/000000253004.jpg,The laptop is under the train.,"""Where is the laptop relative to the train?"""
/home/kalashkala/visual-spatial-reasoning/truthrl-sample/images/000000511436.jpg,The cake is next to the bowl.,"""What is the spatial relationship between the cake and the bowl?"""
/home/kalashkala/visual-spatial-reasoning/truthrl-sample/images/000000114421.jpg,The bed is off the umbrella.,"""What is the location of the bed relative to the umbrella?"""
/home/kalashkala/visual-spatial-reasoning/truthrl-sample/images/000000429717.jpg,The person is on the bed.,"""What is the person's position relative to the bed?"""
/home/kalashkala/visual-spatial-reasoning/truthrl-sample/images/000000073016.jpg,The giraffe is behind the elephant.,"""Where is the giraffe relative to the elephant?"""
/home/kalashkala/visual-spatial-reasoning/truthrl-sample/images/000000127556.jpg,The cat is below the donut.,"""Where is the cat relative to the donut?"""
/home/kalashkala/visual-spatial-reasoning/truthrl-sample/images/000000126870.jpg,The laptop is at the left side of the dining table.,"""Where is the laptop in relation to the dining table?"""
/home/kalashkala/visual-spatial-reasoning/truthrl-sample/images/000000490117.jpg,The cake contains the cat.,"""What is the spatial relationship between the cake and the cat?"""
/home/kalashkala/visual-spatial-reasoning/truthrl-sample/images/000000567205.jpg,The parking meter is in front of the person.,"""Where is the parking meter relative to the person?"""
/home/kalashkala/visual-spatial-reasoning/truthrl-sample/images/000000307172.jpg,The person is touching the pizza.,"""How is the person related to the pizza?"""
/home/kalashkala/visual-spatial-reasoning/truthrl-sample/images/000000552775.jpg,The bowl is on top of the oven.,"""Where is the bowl relative to the oven?"""
/home/kalashkala/visual-spatial-reasoning/truthrl-sample/images/000000469728.jpg,The bus is far away from the bicycle.,"""Where is the bus relative to the bicycle?"""
/home/kalashkala/visual-spatial-reasoning/truthrl-sample/images/000000240798.jpg,The banana is outside the bowl.,"""Where is the banana relative to the bowl?"""
/home/kalashkala/visual-spatial-reasoning/truthrl-sample/images/000000111188.jpg,The person is beneath the teddy bear.,"""Where is the person relative to the teddy bear?"""
/home/kalashkala/visual-spatial-reasoning/truthrl-sample/images/000000179392.jpg,The tv is behind the cat.,"""Where is the tv relative to the cat?"""
/home/kalashkala/visual-spatial-reasoning/truthrl-sample/images/000000296205.jpg,The person is on the couch.,"""What is the person's location on?"""
/home/kalashkala/visual-spatial-reasoning/truthrl-sample/images/000000121647.jpg,The book is at the left side of the wine glass.,"""Where is the book in relation to the wine glass?"""
/home/kalashkala/visual-spatial-reasoning/truthrl-sample/images/000000203673.jpg,The apple is on the laptop.,"""Where is the apple in relation to the laptop?"""
/home/kalashkala/visual-spatial-reasoning/truthrl-sample/images/000000444755.jpg,The person is touching the dog.,"""What is the relationship between the person and the dog?"""
/home/kalashkala/visual-spatial-reasoning/truthrl-sample/images/000000174496.jpg,The toaster contains the pizza.,"""Where is the pizza in relation to the toaster?"""
/home/kalashkala/visual-spatial-reasoning/truthrl-sample/images/000000517049.jpg,The dining table is in front of the person.,"""What is the position of the dining table relative to the person?"""
/home/kalashkala/visual-spatial-reasoning/truthrl-sample/images/000000524059.jpg,The elephant is below the person.,"""Where is the elephant relative to the person?"""
/home/kalashkala/visual-spatial-reasoning/truthrl-sample/images/000000121530.jpg,The suitcase is far from the refrigerator.,"""Where is the suitcase in relation to the refrigerator?"""
/home/kalashkala/visual-spatial-reasoning/truthrl-sample/images/000000495055.jpg,The suitcase is touching the person.,"""What is the relationship between the suitcase and the person?"""
/home/kalashkala/visual-spatial-reasoning/truthrl-sample/images/000000415594.jpg,The pizza is in the oven.,"""Where is the pizza?"""
/home/kalashkala/visual-spatial-reasoning/truthrl-sample/images/000000376701.jpg,The person is touching the elephant.,"""What is the relationship between the person and the elephant?"""
/home/kalashkala/visual-spatial-reasoning/truthrl-sample/images/000000014988.jpg,The bus is close to the book.,"""Where is the bus relative to the book?"""
/home/kalashkala/visual-spatial-reasoning/truthrl-sample/images/000000197236.jpg,The tv is at the right side of the cat.,"""Where is the TV relative to the cat?"""
/home/kalashkala/visual-spatial-reasoning/truthrl-sample/images/000000281660.jpg,The chair is on the train.,"""What is the chair's location relative to the train?"""
/home/kalashkala/visual-spatial-reasoning/truthrl-sample/images/000000045071.jpg,The cat is on top of the suitcase.,"""Where is the cat relative to the suitcase?"""
/home/kalashkala/visual-spatial-reasoning/truthrl-sample/images/000000381555.jpg,The suitcase is away from the cat.,"""What is the spatial relationship between the suitcase and the cat?"""
/home/kalashkala/visual-spatial-reasoning/truthrl-sample/images/000000325587.jpg,The dog is off the couch.,"""Where is the dog relative to the couch?"""
/home/kalashkala/visual-spatial-reasoning/truthrl-sample/images/000000002337.jpg,The dog is on the motorcycle.,"""What is the position of the dog?"""
/home/kalashkala/visual-spatial-reasoning/truthrl-sample/images/000000338200.jpg,The teddy bear is on top of the bench.,"""What is the relationship of the teddy bear to the bench?"""
/home/kalashkala/visual-spatial-reasoning/truthrl-sample/images/000000111347.jpg,The dining table is behind the person.,"""Where is the dining table relative to the person?"""
/home/kalashkala/visual-spatial-reasoning/truthrl-sample/images/000000139429.jpg,The bench is behind the hot dog.,"""Where is the bench relative to the hot dog?"""
/home/kalashkala/visual-spatial-reasoning/truthrl-sample/images/000000522579.jpg,The motorcycle is in front of the bus.,"""Where is the motorcycle relative to the bus?"""
/home/kalashkala/visual-spatial-reasoning/truthrl-sample/images/000000047566.jpg,The sheep is beneath the person.,"""Where is the sheep relative to the person?"""
/home/kalashkala/visual-spatial-reasoning/truthrl-sample/images/000000393641.jpg,The car is facing away from the horse.,"""What direction is the car facing relative to the horse?"""
/home/kalashkala/visual-spatial-reasoning/truthrl-sample/images/000000011742.jpg,The wine glass is in front of the cake.,"""What is the position of the wine glass relative to the cake?"""
/home/kalashkala/visual-spatial-reasoning/truthrl-sample/images/000000073353.jpg,The pizza is across from the tv.,"""Where is the pizza relative to the tv?"""
/home/kalashkala/visual-spatial-reasoning/truthrl-sample/images/000000391786.jpg,The laptop is at the left side of the bowl.,"""Where is the laptop in relation to the bowl?"""
/home/kalashkala/visual-spatial-reasoning/truthrl-sample/images/000000423858.jpg,The teddy bear is off the bed.,"""What is the location of the teddy bear relative to the bed?"""
/home/kalashkala/visual-spatial-reasoning/truthrl-sample/images/000000369249.jpg,The airplane is on the dining table.,"""What is the relationship between the airplane and the dining table?"""
/home/kalashkala/visual-spatial-reasoning/truthrl-sample/images/000000279024.jpg,The truck is far from the toilet.,"""How is the truck positioned relative to the toilet?"""
/home/kalashkala/visual-spatial-reasoning/truthrl-sample/images/000000100564.jpg,The pizza is in front of the microwave.,"""Where is the pizza relative to the microwave?"""
/home/kalashkala/visual-spatial-reasoning/truthrl-sample/images/000000123552.jpg,The bicycle is touching the bus.,"""What is the relationship between the bicycle and the bus?"""
/home/kalashkala/visual-spatial-reasoning/truthrl-sample/images/000000487774.jpg,The mouse is at the right side of the keyboard.,"""Where is the mouse in relation to the keyboard?"""
/home/kalashkala/visual-spatial-reasoning/truthrl-sample/images/000000284758.jpg,The person is on the tv.,"""Where is the person?"""
/home/kalashkala/visual-spatial-reasoning/truthrl-sample/images/000000486501.jpg,The sink is surrounding the cat.,"""Where is the sink relative to the cat?"""
/home/kalashkala/visual-spatial-reasoning/truthrl-sample/images/000000398604.jpg,The dining table is beneath the hot dog.,"""Where is the dining table relative to the hot dog?"""
/home/kalashkala/visual-spatial-reasoning/truthrl-sample/images/000000422026.jpg,The broccoli is on the oven.,"""Where is the broccoli in relation to the oven?"""
/home/kalashkala/visual-spatial-reasoning/truthrl-sample/images/000000274687.jpg,The bicycle is against the bed.,"""Where is the bicycle in relation to the bed?"""
/home/kalashkala/visual-spatial-reasoning/truthrl-sample/images/000000305923.jpg,The bicycle is behind the teddy bear.,"""What is the position of the bicycle relative to the teddy bear?"""
/home/kalashkala/visual-spatial-reasoning/truthrl-sample/images/000000554084.jpg,The chair is under the teddy bear.,"""Where is the chair relative to the teddy bear?"""
/home/kalashkala/visual-spatial-reasoning/truthrl-sample/images/000000387000.jpg,The cat is close to the tv.,"""Where is the cat in relation to the tv?"""
/home/kalashkala/visual-spatial-reasoning/truthrl-sample/images/000000210404.jpg,The cake consists of the teddy bear.,"""What is the relationship between the cake and the teddy bear?"""
/home/kalashkala/visual-spatial-reasoning/truthrl-sample/images/000000552573.jpg,The person is in front of the umbrella.,"""Where is the person relative to the umbrella?"""
/home/kalashkala/visual-spatial-reasoning/truthrl-sample/images/000000057016.jpg,The bench is under the suitcase.,"""Where is the bench relative to the suitcase?"""
/home/kalashkala/visual-spatial-reasoning/truthrl-sample/images/000000301146.jpg,The cat is adjacent to the couch.,"""Where is the cat relative to the couch?"""
/home/kalashkala/visual-spatial-reasoning/truthrl-sample/images/000000178321.jpg,The chair is touching the bird.,"""How is the chair related to the bird?"""
/home/kalashkala/visual-spatial-reasoning/truthrl-sample/images/000000568005.jpg,The horse is at the left side of the zebra.,"""Where is the horse relative to the zebra?"""
/home/kalashkala/visual-spatial-reasoning/truthrl-sample/images/000000150703.jpg,The cup is left of the hot dog.,"""Where is the cup relative to the hot dog?"""
/home/kalashkala/visual-spatial-reasoning/truthrl-sample/images/000000366863.jpg,The person is at the left side of the bowl.,"""What is the location of the person relative to the bowl?"""
/home/kalashkala/visual-spatial-reasoning/truthrl-sample/images/000000297326.jpg,The cake is in front of the person.,"""Where is the cake relative to the person?"""
/home/kalashkala/visual-spatial-reasoning/truthrl-sample/images/000000317173.jpg,The bicycle is by the cat.,"""Where is the bicycle relative to the cat?"""
/home/kalashkala/visual-spatial-reasoning/truthrl-sample/images/000000467315.jpg,The person is far away from the potted plant.,"""Where is the person relative to the potted plant?"""
/home/kalashkala/visual-spatial-reasoning/truthrl-sample/images/000000006894.jpg,The person is touching the elephant.,"""Where is the person in relation to the elephant?"""
/home/kalashkala/visual-spatial-reasoning/truthrl-sample/images/000000245582.jpg,The pizza is below the cell phone.,"""Where is the pizza relative to the cell phone?"""
/home/kalashkala/visual-spatial-reasoning/truthrl-sample/images/000000109036.jpg,The banana is near the apple.,"""What is the relationship between the banana and the apple?"""
/home/kalashkala/visual-spatial-reasoning/truthrl-sample/images/000000423875.jpg,The banana is touching the motorcycle.,"""What is the relationship between the banana and the motorcycle?"""
/home/kalashkala/visual-spatial-reasoning/truthrl-sample/images/000000167300.jpg,The bed is below the backpack.,"""Where is the bed relative to the backpack?"""
/home/kalashkala/visual-spatial-reasoning/truthrl-sample/images/000000179805.jpg,The laptop is facing the person.,"""Which direction is the laptop facing?"""
/home/kalashkala/visual-spatial-reasoning/truthrl-sample/images/000000127324.jpg,The person is against the horse.,"""What is the position of the person relative to the horse?"""
/home/kalashkala/visual-spatial-reasoning/truthrl-sample/images/000000361778.jpg,The teddy bear is touching the book.,"""How is the teddy bear positioned relative to the book?"""
/home/kalashkala/visual-spatial-reasoning/truthrl-sample/images/000000025138.jpg,The keyboard is beneath the cat.,"""Where is the keyboard relative to the cat?"""
/home/kalashkala/visual-spatial-reasoning/truthrl-sample/images/000000240173.jpg,The traffic light is facing the bus.,"""Which direction is the traffic light facing relative to the bus?"""
/home/kalashkala/visual-spatial-reasoning/truthrl-sample/images/000000299457.jpg,The person is touching the donut.,"""What is the relationship between the person and the donut?"""
/home/kalashkala/visual-spatial-reasoning/truthrl-sample/images/000000085666.jpg,The zebra is in front of the person.,"""Where is the zebra relative to the person?"""
/home/kalashkala/visual-spatial-reasoning/truthrl-sample/images/000000303847.jpg,The elephant is beside the book.,"""Where is the elephant in relation to the book?"""
/home/kalashkala/visual-spatial-reasoning/truthrl-sample/images/000000071845.jpg,The chair is under the cat.,"""Where is the chair relative to the cat?"""
/home/kalashkala/visual-spatial-reasoning/truthrl-sample/images/000000395120.jpg,The knife is in the apple.,"""Where is the knife in relation to the apple?"""
/home/kalashkala/visual-spatial-reasoning/truthrl-sample/images/000000053479.jpg,The cat is on the laptop.,"""Where is the cat relative to the laptop?"""
/home/kalashkala/visual-spatial-reasoning/truthrl-sample/images/000000108113.jpg,The donut is next to the dog.,"""What is the relationship between the donut and the dog?"""
/home/kalashkala/visual-spatial-reasoning/truthrl-sample/images/000000469918.jpg,The cat is on top of the laptop.,"""Where is the cat relative to the laptop?"""
/home/kalashkala/visual-spatial-reasoning/truthrl-sample/images/000000485139.jpg,The cat is above the laptop.,"""Where is the cat relative to the laptop?"""
/home/kalashkala/visual-spatial-reasoning/truthrl-sample/images/000000549427.jpg,The carrot is far from the oven.,"""How is the carrot positioned relative to the oven?"""
/home/kalashkala/visual-spatial-reasoning/truthrl-sample/images/000000532667.jpg,The bird is below the umbrella.,"""Where is the bird relative to the umbrella?"""
/home/kalashkala/visual-spatial-reasoning/truthrl-sample/images/000000167450.jpg,The bench is in front of the bus.,"""What is the position of the bench relative to the bus?"""
/home/kalashkala/visual-spatial-reasoning/truthrl-sample/images/000000332867.jpg,The person is at the right side of the laptop.,"""Where is the person relative to the laptop?"""
/home/kalashkala/visual-spatial-reasoning/truthrl-sample/images/000000065443.jpg,The teddy bear is below the dog.,"""What is the position of the teddy bear relative to the dog?"""
/home/kalashkala/visual-spatial-reasoning/truthrl-sample/images/000000238455.jpg,The clock is at the left side of the bird.,"""Where is the clock relative to the bird?"""
/home/kalashkala/visual-spatial-reasoning/truthrl-sample/images/000000472309.jpg,The person is at the right side of the teddy bear.,"""Where is the person relative to the teddy bear?"""
/home/kalashkala/visual-spatial-reasoning/truthrl-sample/images/000000396528.jpg,The keyboard is behind the cake.,"""Where is the keyboard relative to the cake?"""
/home/kalashkala/visual-spatial-reasoning/truthrl-sample/images/000000047425.jpg,The cat is touching the person.,"""What is the relationship between the cat and the person?"""
/home/kalashkala/visual-spatial-reasoning/truthrl-sample/images/000000494329.jpg,The umbrella is far from the dining table.,"""Where is the umbrella in relation to the dining table?"""
/home/kalashkala/visual-spatial-reasoning/truthrl-sample/images/000000556360.jpg,The laptop is off the pizza.,"""What is the relationship between the laptop and the pizza?"""
/home/kalashkala/visual-spatial-reasoning/truthrl-sample/images/000000213819.jpg,The cat is on the remote.,"""What is the position of the cat relative to the remote?"""
/home/kalashkala/visual-spatial-reasoning/truthrl-sample/images/000000557896.jpg,The oven is next to the cake.,"""Where is the oven relative to the cake?"""
/home/kalashkala/visual-spatial-reasoning/truthrl-sample/images/000000281111.jpg,The person is left of the oven.,"""Where is the person relative to the oven?"""
/home/kalashkala/visual-spatial-reasoning/truthrl-sample/images/000000439117.jpg,The couch is left of the wine glass.,"""Where is the couch relative to the wine glass?"""
/home/kalashkala/visual-spatial-reasoning/truthrl-sample/images/000000027919.jpg,The dining table is next to the bus.,"""What is the relationship between the dining table and the bus?"""
/home/kalashkala/visual-spatial-reasoning/truthrl-sample/images/000000018862.jpg,The suitcase is under the dining table.,"""Where is the suitcase relative to the dining table?"""
/home/kalashkala/visual-spatial-reasoning/truthrl-sample/images/000000561393.jpg,The suitcase is next to the refrigerator.,"""Where is the suitcase relative to the refrigerator?"""
/home/kalashkala/visual-spatial-reasoning/truthrl-sample/images/000000000397.jpg,The pizza is over the dining table.,"""Where is the pizza relative to the dining table?"""
/home/kalashkala/visual-spatial-reasoning/truthrl-sample/images/000000112553.jpg,The cat is touching the person.,"""How is the cat positioned relative to the person?"""
/home/kalashkala/visual-spatial-reasoning/truthrl-sample/images/000000415755.jpg,The dining table is in front of the person.,"""What is the position of the dining table relative to the person?"""
/home/kalashkala/visual-spatial-reasoning/truthrl-sample/images/000000556341.jpg,The zebra is at the right side of the person.,"""Where is the zebra in relation to the person?"""
/home/kalashkala/visual-spatial-reasoning/truthrl-sample/images/000000150358.jpg,The teddy bear is beside the person.,"""Where is the teddy bear in relation to the person?"""
/home/kalashkala/visual-spatial-reasoning/truthrl-sample/images/000000160901.jpg,The cat is on top of the refrigerator.,"""Where is the cat relative to the refrigerator?"""
/home/kalashkala/visual-spatial-reasoning/truthrl-sample/images/000000010714.jpg,The teddy bear is facing the dining table.,"""What direction is the teddy bear facing?"""
/home/kalashkala/visual-spatial-reasoning/truthrl-sample/images/000000527844.jpg,The bus is far away from the umbrella.,"""What is the location of the bus relative to the umbrella?"""
/home/kalashkala/visual-spatial-reasoning/truthrl-sample/images/000000442218.jpg,The sandwich is in the bowl.,"""Where is the sandwich in relation to the bowl?"""
/home/kalashkala/visual-spatial-reasoning/truthrl-sample/images/000000129007.jpg,The cow is behind the person.,"""What is the position of the cow relative to the person?"""
/home/kalashkala/visual-spatial-reasoning/truthrl-sample/images/000000403144.jpg,The teddy bear is at the left side of the bed.,"""Where is the teddy bear in relation to the bed?"""
/home/kalashkala/visual-spatial-reasoning/truthrl-sample/images/000000381610.jpg,The oven is in front of the person.,"""What is the position of the oven relative to the person?"""
/home/kalashkala/visual-spatial-reasoning/truthrl-sample/images/000000380797.jpg,The truck is in front of the bus.,"""What is the position of the truck relative to the bus?"""
/home/kalashkala/visual-spatial-reasoning/truthrl-sample/images/000000419755.jpg,The person is touching the sheep.,"""What is the relationship between the person and the sheep?"""
/home/kalashkala/visual-spatial-reasoning/truthrl-sample/images/000000127760.jpg,The tv is in front of the teddy bear.,"""Where is the tv relative to the teddy bear?"""
/home/kalashkala/visual-spatial-reasoning/truthrl-sample/images/000000472392.jpg,The backpack is behind the suitcase.,"""Where is the backpack relative to the suitcase?"""
/home/kalashkala/visual-spatial-reasoning/truthrl-sample/images/000000119761.jpg,The potted plant is at the right side of the horse.,"""Where is the potted plant relative to the horse?"""
/home/kalashkala/visual-spatial-reasoning/truthrl-sample/images/000000105247.jpg,The pizza is on top of the oven.,"""Where is the pizza relative to the oven?"""
/home/kalashkala/visual-spatial-reasoning/truthrl-sample/images/000000018873.jpg,The cake has as a part the train.,"""What part of the cake is the train?"""
/home/kalashkala/visual-spatial-reasoning/truthrl-sample/images/000000036966.jpg,The bowl is facing the person.,"""Where is the bowl facing in relation to the person?"""
/home/kalashkala/visual-spatial-reasoning/truthrl-sample/images/000000477301.jpg,The bench is beside the cow.,"""Where is the bench in relation to the cow?"""
/home/kalashkala/visual-spatial-reasoning/truthrl-sample/images/000000561411.jpg,The person is beneath the dog.,"""Where is the person relative to the dog?"""
/home/kalashkala/visual-spatial-reasoning/truthrl-sample/images/000000116675.jpg,The car is facing away from the elephant.,"""Which direction is the car facing relative to the elephant?"""
/home/kalashkala/visual-spatial-reasoning/truthrl-sample/images/000000161112.jpg,The person is beside the suitcase.,"""Where is the person in relation to the suitcase?"""
/home/kalashkala/visual-spatial-reasoning/truthrl-sample/images/000000581153.jpg,The pizza is in front of the cat.,"""Where is the pizza relative to the cat?"""
/home/kalashkala/visual-spatial-reasoning/truthrl-sample/images/000000079853.jpg,The scissors is alongside the person.,"""What is the spatial relationship between the scissors and the person?"""
/home/kalashkala/visual-spatial-reasoning/truthrl-sample/images/000000004979.jpg,The chair is beneath the horse.,"""Where is the chair relative to the horse?"""
/home/kalashkala/visual-spatial-reasoning/truthrl-sample/images/000000070411.jpg,The suitcase is on the bed.,"""Where is the suitcase?"""
/home/kalashkala/visual-spatial-reasoning/truthrl-sample/images/000000032562.jpg,The airplane is next to the car.,"""What is the relationship between the airplane and the car?"""
/home/kalashkala/visual-spatial-reasoning/truthrl-sample/images/000000002139.jpg,The bicycle is next to the bed.,"""Where is the bicycle in relation to the bed?"""
/home/kalashkala/visual-spatial-reasoning/truthrl-sample/images/000000158601.jpg,The suitcase is in front of the cat.,"""Where is the suitcase relative to the cat?"""
/home/kalashkala/visual-spatial-reasoning/truthrl-sample/images/000000133876.jpg,The bed is under the person.,Where is the bed relative to the person?
/home/kalashkala/visual-spatial-reasoning/truthrl-sample/images/000000461775.jpg,The cat is under the car.,"""Where is the cat relative to the car?"""
/home/kalashkala/visual-spatial-reasoning/truthrl-sample/images/000000198935.jpg,The fire hydrant is at the right side of the dog.,"""Where is the fire hydrant relative to the dog?"""
/home/kalashkala/visual-spatial-reasoning/truthrl-sample/images/000000224306.jpg,The laptop is at the right side of the donut.,Where is the laptop relative to the donut?
/home/kalashkala/visual-spatial-reasoning/truthrl-sample/images/000000448024.jpg,The bench is close to the cat.,"""What is the relationship between the bench and the cat?"""
/home/kalashkala/visual-spatial-reasoning/truthrl-sample/images/000000428299.jpg,The dining table is touching the bowl.,"""How is the dining table positioned in relation to the bowl?"""
/home/kalashkala/visual-spatial-reasoning/truthrl-sample/images/000000570588.jpg,The train is perpendicular to the bench.,"""What is the orientation of the train relative to the bench?"""
/home/kalashkala/visual-spatial-reasoning/truthrl-sample/images/000000454818.jpg,The car contains the dog.,"""What is the relationship between the car and the dog?"""
/home/kalashkala/visual-spatial-reasoning/truthrl-sample/images/000000139355.jpg,The dog is left of the teddy bear.,"""Where is the dog relative to the teddy bear?"""
/home/kalashkala/visual-spatial-reasoning/truthrl-sample/images/000000259434.jpg,The person is away from the toaster.,"""Where is the person relative to the toaster?"""
/home/kalashkala/visual-spatial-reasoning/truthrl-sample/images/000000029370.jpg,The dining table is under the cat.,"""Where is the dining table relative to the cat?"""
/home/kalashkala/visual-spatial-reasoning/truthrl-sample/images/000000580454.jpg,The suitcase is touching the teddy bear.,"""What is the relationship between the suitcase and the teddy bear?"""
/home/kalashkala/visual-spatial-reasoning/truthrl-sample/images/000000016759.jpg,The dog is in front of the cat.,"""Where is the dog relative to the cat?"""
/home/kalashkala/visual-spatial-reasoning/truthrl-sample/images/000000125015.jpg,The sink is behind the person.,"""Where is the sink relative to the person?"""
/home/kalashkala/visual-spatial-reasoning/truthrl-sample/images/000000114843.jpg,The horse is under the person.,"""Where is the horse relative to the person?"""
/home/kalashkala/visual-spatial-reasoning/truthrl-sample/images/000000580651.jpg,The cat is in front of the tv.,"""Where is the cat relative to the tv?"""
/home/kalashkala/visual-spatial-reasoning/truthrl-sample/images/000000058677.jpg,The oven is at the back of the hot dog.,"""Where is the oven relative to the hot dog?"""
/home/kalashkala/visual-spatial-reasoning/truthrl-sample/images/000000223740.jpg,The pizza is in front of the person.,"""Where is the pizza relative to the person?"""
/home/kalashkala/visual-spatial-reasoning/truthrl-sample/images/000000494220.jpg,The keyboard is behind the sandwich.,"""Where is the keyboard relative to the sandwich?"""
/home/kalashkala/visual-spatial-reasoning/truthrl-sample/images/000000572993.jpg,The dining table is under the cat.,"""What is the spatial relationship between the dining table and the cat?"""
/home/kalashkala/visual-spatial-reasoning/truthrl-sample/images/000000136212.jpg,The hot dog is beside the cup.,"""What is the relationship between the hot dog and the cup?"""
/home/kalashkala/visual-spatial-reasoning/truthrl-sample/images/000000440940.jpg,The boat is connected to the person.,"""How is the boat connected to the person?"""
/home/kalashkala/visual-spatial-reasoning/truthrl-sample/images/000000349777.jpg,The cat is in the car.,"""Where is the cat?"""
/home/kalashkala/visual-spatial-reasoning/truthrl-sample/images/000000553975.jpg,The pizza is far from the cell phone.,"""What is the relative position of the pizza to the cell phone?"""
/home/kalashkala/visual-spatial-reasoning/truthrl-sample/images/000000402858.jpg,The laptop is above the chair.,"""What is the spatial relationship between the laptop and the chair?"""
/home/kalashkala/visual-spatial-reasoning/truthrl-sample/images/000000458642.jpg,The cake is in the microwave.,"""What is the location of the cake?"""
/home/kalashkala/visual-spatial-reasoning/truthrl-sample/images/000000232341.jpg,The dining table is touching the banana.,"""How is the dining table related to the banana?"""
/home/kalashkala/visual-spatial-reasoning/truthrl-sample/images/000000382737.jpg,The chair is under the cat.,"""What is the relationship between the chair and the cat?"""
/home/kalashkala/visual-spatial-reasoning/truthrl-sample/images/000000439774.jpg,The teddy bear is at the left side of the couch.,"""Where is the teddy bear in relation to the couch?"""
/home/kalashkala/visual-spatial-reasoning/truthrl-sample/images/000000039360.jpg,The bench is near the hot dog.,"""Where is the bench relative to the hot dog?"""
/home/kalashkala/visual-spatial-reasoning/truthrl-sample/images/000000009448.jpg,The person is in the middle of the umbrella.,"""Where is the person relative to the umbrella?"""
/home/kalashkala/visual-spatial-reasoning/truthrl-sample/images/000000195716.jpg,The dog is off the couch.,"""Where is the dog relative to the couch?"""
/home/kalashkala/visual-spatial-reasoning/truthrl-sample/images/000000299601.jpg,The dining table is touching the teddy bear.,"""How is the dining table related to the teddy bear?"""
/home/kalashkala/visual-spatial-reasoning/truthrl-sample/images/000000045830.jpg,The suitcase contains the cat.,"""What is the relationship between the suitcase and the cat?"""
/home/kalashkala/visual-spatial-reasoning/truthrl-sample/images/000000314893.jpg,The bicycle is at the right side of the boat.,"""Where is the bicycle in relation to the boat?"""
/home/kalashkala/visual-spatial-reasoning/truthrl-sample/images/000000046378.jpg,The cat is above the bird.,"""What is the spatial relationship between the cat and the bird?"""
/home/kalashkala/visual-spatial-reasoning/truthrl-sample/images/000000367848.jpg,The bed is facing the couch.,"""What direction is the bed relative to the couch?"""
/home/kalashkala/visual-spatial-reasoning/truthrl-sample/images/000000261225.jpg,The vase contains the cat.,"""Where is the cat in relation to the vase?"""
/home/kalashkala/visual-spatial-reasoning/truthrl-sample/images/000000342675.jpg,The book is in front of the train.,"""Where is the book relative to the train?"""
/home/kalashkala/visual-spatial-reasoning/truthrl-sample/images/000000022154.jpg,The umbrella is on top of the car.,"""Where is the umbrella relative to the car?"""
/home/kalashkala/visual-spatial-reasoning/truthrl-sample/images/000000395324.jpg,The person is far from the motorcycle.,"""How far is the person from the motorcycle?"""
/home/kalashkala/visual-spatial-reasoning/truthrl-sample/images/000000563615.jpg,The person is below the hair drier.,"""Where is the person relative to the hair drier?"""
/home/kalashkala/visual-spatial-reasoning/truthrl-sample/images/000000421231.jpg,The person is close to the cake.,"""Where is the person relative to the cake?"""
/home/kalashkala/visual-spatial-reasoning/truthrl-sample/images/000000380525.jpg,The cat is behind the donut.,"""Where is the cat relative to the donut?"""
/home/kalashkala/visual-spatial-reasoning/truthrl-sample/images/000000040931.jpg,The cat is under the car.,"""Where is the cat relative to the car?"""
/home/kalashkala/visual-spatial-reasoning/truthrl-sample/images/000000222408.jpg,The cup is in front of the laptop.,"""Where is the cup relative to the laptop?"""
/home/kalashkala/visual-spatial-reasoning/truthrl-sample/images/000000406026.jpg,The couch is close to the pizza.,"""What is the relationship between the couch and the pizza?"""
/home/kalashkala/visual-spatial-reasoning/truthrl-sample/images/000000381323.jpg,The toilet is at the left side of the cat.,"""Where is the toilet relative to the cat?"""
/home/kalashkala/visual-spatial-reasoning/truthrl-sample/images/000000469317.jpg,The cat is touching the dining table.,"""What is the relationship between the cat and the dining table?"""
/home/kalashkala/visual-spatial-reasoning/truthrl-sample/images/000000260347.jpg,The cup is at the left side of the banana.,"""Where is the cup relative to the banana?"""
/home/kalashkala/visual-spatial-reasoning/truthrl-sample/images/000000570783.jpg,The bicycle is beside the teddy bear.,"""Where is the bicycle in relation to the teddy bear?"""
/home/kalashkala/visual-spatial-reasoning/truthrl-sample/images/000000134688.jpg,The dining table is under the teddy bear.,"""What is the spatial relationship between the dining table and the teddy bear?"""
/home/kalashkala/visual-spatial-reasoning/truthrl-sample/images/000000077426.jpg,The carrot is across from the couch.,"""Where is the carrot relative to the couch?"""
/home/kalashkala/visual-spatial-reasoning/truthrl-sample/images/000000228994.jpg,The backpack contains the teddy bear.,"""What is the spatial relationship between the backpack and the teddy bear?"""
/home/kalashkala/visual-spatial-reasoning/truthrl-sample/images/000000555574.jpg,The cat is on top of the dining table.,"""What is the relationship between the cat and the dining table?"""
/home/kalashkala/visual-spatial-reasoning/truthrl-sample/images/000000560526.jpg,The person is above the sandwich.,"""Where is the person relative to the sandwich?"""
/home/kalashkala/visual-spatial-reasoning/truthrl-sample/images/000000554892.jpg,The truck is below the giraffe.,"""Where is the truck relative to the giraffe?"""
/home/kalashkala/visual-spatial-reasoning/truthrl-sample/images/000000529968.jpg,The motorcycle is beneath the cat.,"""Where is the motorcycle relative to the cat?"""
/home/kalashkala/visual-spatial-reasoning/truthrl-sample/images/000000253890.jpg,The bowl is surrounding the apple.,"""What is the relationship between the bowl and the apple?"""
/home/kalashkala/visual-spatial-reasoning/truthrl-sample/images/000000485149.jpg,The laptop is facing the cat.,"""Which direction is the laptop facing?"""
/home/kalashkala/visual-spatial-reasoning/truthrl-sample/images/000000123791.jpg,The bottle is in front of the laptop.,"""What is the position of the bottle relative to the laptop?"""
/home/kalashkala/visual-spatial-reasoning/truthrl-sample/images/000000327638.jpg,The pizza is on the dining table.,"""Where is the pizza?"""
/home/kalashkala/visual-spatial-reasoning/truthrl-sample/images/000000575755.jpg,The broccoli is in the sandwich.,"""What is the position of the broccoli in relation to the sandwich?"""
/home/kalashkala/visual-spatial-reasoning/truthrl-sample/images/000000051735.jpg,The person is touching the broccoli.,"""How is the person related to the broccoli?"""
/home/kalashkala/visual-spatial-reasoning/truthrl-sample/images/000000260398.jpg,The person is touching the cake.,"""How is the person related to the cake?"""
/home/kalashkala/visual-spatial-reasoning/truthrl-sample/images/000000563138.jpg,The bed is under the backpack.,"""What is the spatial relationship between the bed and the backpack?"""
/home/kalashkala/visual-spatial-reasoning/truthrl-sample/images/000000315065.jpg,The chair is far from the airplane.,"""What is the distance between the chair and the airplane?"""
/home/kalashkala/visual-spatial-reasoning/truthrl-sample/images/000000459400.jpg,The person is facing the toilet.,"""What direction is the person facing relative to the toilet?"""
/home/kalashkala/visual-spatial-reasoning/truthrl-sample/images/000000396725.jpg,The oven contains the cake.,"""Where is the cake in relation to the oven?"""
/home/kalashkala/visual-spatial-reasoning/truthrl-sample/images/000000158322.jpg,The person is touching the dog.,"""What is the relationship between the person and the dog?"""
/home/kalashkala/visual-spatial-reasoning/truthrl-sample/images/000000076762.jpg,The tv is in front of the cat.,"""Where is the tv relative to the cat?"""
/home/kalashkala/visual-spatial-reasoning/truthrl-sample/images/000000173155.jpg,The car is parallel to the motorcycle.,"""What is the relationship between the car and the motorcycle?"""
/home/kalashkala/visual-spatial-reasoning/truthrl-sample/images/000000488004.jpg,The cat is inside the suitcase.,"""What is the spatial relationship between the cat and the suitcase?"""
/home/kalashkala/visual-spatial-reasoning/truthrl-sample/images/000000093031.jpg,The cake is touching the banana.,"""What is the relationship between the cake and the banana?"""
/home/kalashkala/visual-spatial-reasoning/truthrl-sample/images/000000253290.jpg,The sandwich is in the middle of the dining table.,"""Where is the sandwich relative to the dining table?"""
/home/kalashkala/visual-spatial-reasoning/truthrl-sample/images/000000071784.jpg,The apple is off the orange.,"""Where is the apple relative to the orange?"""
/home/kalashkala/visual-spatial-reasoning/truthrl-sample/images/000000558700.jpg,The laptop is on top of the bench.,"""Where is the laptop relative to the bench?"""
/home/kalashkala/visual-spatial-reasoning/truthrl-sample/images/000000034482.jpg,The parking meter is at the back of the car.,"""Where is the parking meter relative to the car?"""
/home/kalashkala/visual-spatial-reasoning/truthrl-sample/images/000000365027.jpg,The teddy bear is in the car.,"""Where is the teddy bear?"""
/home/kalashkala/visual-spatial-reasoning/truthrl-sample/images/000000228857.jpg,The laptop is at the left side of the dog.,"""Where is the laptop in relation to the dog?"""
/home/kalashkala/visual-spatial-reasoning/truthrl-sample/images/000000416767.jpg,The person is at the left side of the dining table.,"""Where is the person in relation to the dining table?"""
/home/kalashkala/visual-spatial-reasoning/truthrl-sample/images/000000007730.jpg,The cat is enclosed by the suitcase.,"""What is the relationship between the cat and the suitcase?"""
/home/kalashkala/visual-spatial-reasoning/truthrl-sample/images/000000451121.jpg,The person is touching the donut.,"""What is the relationship between the person and the donut?"""
/home/kalashkala/visual-spatial-reasoning/truthrl-sample/images/000000282720.jpg,The donut is above the laptop.,"""What is the spatial relationship between the donut and the laptop?"""
/home/kalashkala/visual-spatial-reasoning/truthrl-sample/images/000000122109.jpg,The cup is on the book.,"""Where is the cup in relation to the book?"""
/home/kalashkala/visual-spatial-reasoning/truthrl-sample/images/000000487225.jpg,The bowl is near the toaster.,"""Where is the bowl relative to the toaster?"""
/home/kalashkala/visual-spatial-reasoning/truthrl-sample/images/000000112363.jpg,The umbrella is on the boat.,"""Where is the umbrella?"""
/home/kalashkala/visual-spatial-reasoning/truthrl-sample/images/000000499930.jpg,The dog is out of the chair.,"""What is the location of the dog relative to the chair?"""
/home/kalashkala/visual-spatial-reasoning/truthrl-sample/images/000000372870.jpg,The potted plant is at the right side of the cat.,"""Where is the potted plant relative to the cat?"""
/home/kalashkala/visual-spatial-reasoning/truthrl-sample/images/000000326689.jpg,The person is outside the car.,"""What is the relationship between the person and the car?"""
/home/kalashkala/visual-spatial-reasoning/truthrl-sample/images/000000460495.jpg,The cat is near the couch.,"""Where is the cat relative to the couch?"""
/home/kalashkala/visual-spatial-reasoning/truthrl-sample/images/000000111157.jpg,The person is in the bus.,"""Where is the person?"""
/home/kalashkala/visual-spatial-reasoning/truthrl-sample/images/000000081871.jpg,The person is facing the keyboard.,"""Which direction is the person facing towards?"""
/home/kalashkala/visual-spatial-reasoning/truthrl-sample/images/000000439525.jpg,The person is touching the cake.,"""How is the person related to the cake?"""
/home/kalashkala/visual-spatial-reasoning/truthrl-sample/images/000000253487.jpg,The horse is beside the person.,"""Where is the horse in relation to the person?"""
/home/kalashkala/visual-spatial-reasoning/truthrl-sample/images/000000355124.jpg,The hair drier is on the chair.,"""Where is the hair drier?"""
/home/kalashkala/visual-spatial-reasoning/truthrl-sample/images/000000031653.jpg,The person is with the banana.,"""Where is the person in relation to the banana?"""
/home/kalashkala/visual-spatial-reasoning/truthrl-sample/images/000000474609.jpg,The person is at the right side of the oven.,"""Where is the person relative to the oven?"""
/home/kalashkala/visual-spatial-reasoning/truthrl-sample/images/000000570518.jpg,The broccoli is in front of the sandwich.,"""What is the position of the broccoli relative to the sandwich?"""
/home/kalashkala/visual-spatial-reasoning/truthrl-sample/images/000000031135.jpg,The dining table is under the sandwich.,"""Where is the dining table relative to the sandwich?"""
/home/kalashkala/visual-spatial-reasoning/truthrl-sample/images/000000188079.jpg,The frisbee is touching the backpack.,"""What is the relationship between the frisbee and the backpack?"""
/home/kalashkala/visual-spatial-reasoning/truthrl-sample/images/000000080336.jpg,The cow is at the back of the person.,"""What is the position of the cow relative to the person?"""
/home/kalashkala/visual-spatial-reasoning/truthrl-sample/images/000000429633.jpg,The motorcycle is at the right side of the person.,"""Where is the motorcycle in relation to the person?"""
/home/kalashkala/visual-spatial-reasoning/truthrl-sample/images/000000108484.jpg,The dining table is touching the teddy bear.,"""Where is the dining table in relation to the teddy bear?"""
/home/kalashkala/visual-spatial-reasoning/truthrl-sample/images/000000257021.jpg,The couch is behind the bed.,"""What is the location of the couch relative to the bed?"""
/home/kalashkala/visual-spatial-reasoning/truthrl-sample/images/000000278962.jpg,The oven is surrounding the pizza.,"""What is the relationship between the oven and the pizza?"""
/home/kalashkala/visual-spatial-reasoning/truthrl-sample/images/000000237922.jpg,The dining table is within the boat.,"""Where is the dining table in relation to the boat?"""
/home/kalashkala/visual-spatial-reasoning/truthrl-sample/images/000000434275.jpg,The laptop is left of the dog.,"""Where is the laptop relative to the dog?"""
/home/kalashkala/visual-spatial-reasoning/truthrl-sample/images/000000460617.jpg,The cake is at the right side of the potted plant.,"""What is the position of the cake relative to the potted plant?"""
/home/kalashkala/visual-spatial-reasoning/truthrl-sample/images/000000089902.jpg,The book is in the train.,"""What is the location of the book?"""
/home/kalashkala/visual-spatial-reasoning/truthrl-sample/images/000000350727.jpg,The bowl is surrounding the cat.,"""Where is the bowl relative to the cat?"""
/home/kalashkala/visual-spatial-reasoning/truthrl-sample/images/000000047752.jpg,The pizza is on top of the oven.,"""Where is the pizza relative to the oven?"""
/home/kalashkala/visual-spatial-reasoning/truthrl-sample/images/000000437948.jpg,The pizza is on top of the oven.,"""What is the location of the pizza relative to the oven?"""
/home/kalashkala/visual-spatial-reasoning/truthrl-sample/images/000000477061.jpg,The bed is inside the car.,"""What is the spatial relationship between the bed and the car?"""
/home/kalashkala/visual-spatial-reasoning/truthrl-sample/images/000000274490.jpg,The car is close to the bus.,"""Where is the car relative to the bus?"""
/home/kalashkala/visual-spatial-reasoning/truthrl-sample/images/000000259745.jpg,The keyboard is above the dining table.,"""Where is the keyboard relative to the dining table?"""
/home/kalashkala/visual-spatial-reasoning/truthrl-sample/images/000000088241.jpg,The teddy bear is right of the dog.,Where is the teddy bear relative to the dog?
/home/kalashkala/visual-spatial-reasoning/truthrl-sample/images/000000173530.jpg,The cow is far from the car.,"""Where is the cow in relation to the car?"""
/home/kalashkala/visual-spatial-reasoning/truthrl-sample/images/000000518592.jpg,The laptop is right of the cake.,"""Where is the laptop relative to the cake?"""
/home/kalashkala/visual-spatial-reasoning/truthrl-sample/images/000000304534.jpg,The cat is by the toilet.,"""What is the location of the cat relative to the toilet?"""
/home/kalashkala/visual-spatial-reasoning/truthrl-sample/images/000000530624.jpg,The dog is in the bed.,"""What is the dog's location relative to the bed?"""
/home/kalashkala/visual-spatial-reasoning/truthrl-sample/images/000000250035.jpg,The truck is far away from the surfboard.,"""Where is the truck in relation to the surfboard?"""
/home/kalashkala/visual-spatial-reasoning/truthrl-sample/images/000000103582.jpg,The bed is under the suitcase.,"""What is the spatial relationship between the bed and the suitcase?"""
/home/kalashkala/visual-spatial-reasoning/truthrl-sample/images/000000416663.jpg,The cat is facing the keyboard.,"""What direction is the cat facing in relation to the keyboard?"""
/home/kalashkala/visual-spatial-reasoning/truthrl-sample/images/000000179968.jpg,The airplane is far from the tv.,"""Where is the airplane relative to the tv?"""
/home/kalashkala/visual-spatial-reasoning/truthrl-sample/images/000000168803.jpg,The cat is touching the bench.,"""How is the cat positioned relative to the bench?"""
/home/kalashkala/visual-spatial-reasoning/truthrl-sample/images/000000447741.jpg,The cake is in front of the cat.,"""Where is the cake relative to the cat?"""
/home/kalashkala/visual-spatial-reasoning/truthrl-sample/images/000000554518.jpg,The boat is away from the dining table.,"""Where is the boat relative to the dining table?"""
/home/kalashkala/visual-spatial-reasoning/truthrl-sample/images/000000457461.jpg,The sandwich is near the wine glass.,"""Where is the sandwich relative to the wine glass?"""
/home/kalashkala/visual-spatial-reasoning/truthrl-sample/images/000000158582.jpg,The person is behind the laptop.,"""Where is the person relative to the laptop?"""
/home/kalashkala/visual-spatial-reasoning/truthrl-sample/images/000000124759.jpg,The pizza is behind the sandwich.,"""Where is the pizza relative to the sandwich?"""
/home/kalashkala/visual-spatial-reasoning/truthrl-sample/images/000000410704.jpg,The cat is at the left side of the potted plant.,"""Where is the cat relative to the potted plant?"""
/home/kalashkala/visual-spatial-reasoning/truthrl-sample/images/000000458027.jpg,The truck is touching the sheep.,"""What is the relationship between the truck and the sheep?"""
/home/kalashkala/visual-spatial-reasoning/truthrl-sample/images/000000337274.jpg,The dog is under the umbrella.,"""Where is the dog relative to the umbrella?"""
/home/kalashkala/visual-spatial-reasoning/truthrl-sample/images/000000341707.jpg,The pizza is inside the oven.,"""What is the location of the pizza relative to the oven?"""
/home/kalashkala/visual-spatial-reasoning/truthrl-sample/images/000000347930.jpg,The dog is facing away from the sports ball.,"""What direction is the dog facing relative to the sports ball?"""
/home/kalashkala/visual-spatial-reasoning/truthrl-sample/images/000000497032.jpg,The umbrella is over the person.,"""Where is the umbrella relative to the person?"""
/home/kalashkala/visual-spatial-reasoning/truthrl-sample/images/000000044612.jpg,The horse is at the right side of the person.,"""Where is the horse in relation to the person?"""
/home/kalashkala/visual-spatial-reasoning/truthrl-sample/images/000000159842.jpg,The chair is at the right side of the teddy bear.,"""Where is the chair relative to the teddy bear?"""
/home/kalashkala/visual-spatial-reasoning/truthrl-sample/images/000000039716.jpg,The bed is touching the teddy bear.,"""Where is the bed in relation to the teddy bear?"""
/home/kalashkala/visual-spatial-reasoning/truthrl-sample/images/000000227293.jpg,The hot dog is at the left side of the cup.,"""Where is the hot dog in relation to the cup?"""
/home/kalashkala/visual-spatial-reasoning/truthrl-sample/images/000000298649.jpg,The surfboard is on the car.,"""Where is the surfboard relative to the car?"""
/home/kalashkala/visual-spatial-reasoning/truthrl-sample/images/000000157931.jpg,The dog is touching the suitcase.,"""What is the relationship between the dog and the suitcase?"""
/home/kalashkala/visual-spatial-reasoning/truthrl-sample/images/000000341271.jpg,The chair is across from the pizza.,"""Where is the chair relative to the pizza?"""
/home/kalashkala/visual-spatial-reasoning/truthrl-sample/images/000000134112.jpg,The laptop is in front of the dog.,"""Where is the laptop relative to the dog?"""
/home/kalashkala/visual-spatial-reasoning/truthrl-sample/images/000000490871.jpg,The banana is at the right side of the orange.,"""What is the position of the banana relative to the orange?"""
/home/kalashkala/visual-spatial-reasoning/truthrl-sample/images/000000071549.jpg,The handbag is behind the teddy bear.,"""Where is the handbag relative to the teddy bear?"""
/home/kalashkala/visual-spatial-reasoning/truthrl-sample/images/000000275219.jpg,The cat is inside the bicycle.,"""Where is the cat in relation to the bicycle?"""
/home/kalashkala/visual-spatial-reasoning/truthrl-sample/images/000000117774.jpg,The cat is touching the refrigerator.,"""What is the relationship between the cat and the refrigerator?"""
/home/kalashkala/visual-spatial-reasoning/truthrl-sample/images/000000255824.jpg,The cake is next to the cup.,"""What is the spatial relationship between the cake and the cup?"""
/home/kalashkala/visual-spatial-reasoning/truthrl-sample/images/000000182032.jpg,The cow is facing the chair.,"""Which direction is the cow facing?"""
/home/kalashkala/visual-spatial-reasoning/truthrl-sample/images/000000007124.jpg,The parking meter is behind the truck.,"""Where is the parking meter relative to the truck?"""
/home/kalashkala/visual-spatial-reasoning/truthrl-sample/images/000000116696.jpg,The teddy bear is on top of the cake.,"""Where is the teddy bear relative to the cake?"""
/home/kalashkala/visual-spatial-reasoning/truthrl-sample/images/000000304330.jpg,The giraffe is touching the person.,"""What is the relationship between the giraffe and the person?"""
/home/kalashkala/visual-spatial-reasoning/truthrl-sample/images/000000472462.jpg,The apple is next to the dog.,"""Where is the apple relative to the dog?"""
/home/kalashkala/visual-spatial-reasoning/truthrl-sample/images/000000096351.jpg,The bus is attached to the surfboard.,"""How is the bus related to the surfboard?"""
/home/kalashkala/visual-spatial-reasoning/truthrl-sample/images/000000363875.jpg,The bus is at the left side of the person.,"""Where is the bus relative to the person?"""
/home/kalashkala/visual-spatial-reasoning/truthrl-sample/images/000000496373.jpg,The umbrella is far away from the boat.,"""What is the location of the umbrella relative to the boat?"""
/home/kalashkala/visual-spatial-reasoning/truthrl-sample/images/000000437964.jpg,The laptop is on the person.,"""Where is the laptop in relation to the person?"""
/home/kalashkala/visual-spatial-reasoning/truthrl-sample/images/000000412238.jpg,The pizza is on top of the dining table.,"""Where is the pizza relative to the dining table?"""
/home/kalashkala/visual-spatial-reasoning/truthrl-sample/images/000000038616.jpg,The dog is at the edge of the laptop.,"""What is the dog's position in relation to the laptop?"""
/home/kalashkala/visual-spatial-reasoning/truthrl-sample/images/000000270596.jpg,The person is at the left side of the tv.,"""Where is the person relative to the tv?"""
/home/kalashkala/visual-spatial-reasoning/truthrl-sample/images/000000422469.jpg,The parking meter is opposite to the car.,"""Where is the parking meter relative to the car?"""
/home/kalashkala/visual-spatial-reasoning/truthrl-sample/images/000000538006.jpg,The giraffe is at the back of the elephant.,"""Where is the giraffe relative to the elephant?"""
/home/kalashkala/visual-spatial-reasoning/truthrl-sample/images/000000013595.jpg,The sandwich is on the dining table.,"""Where is the sandwich?"""
/home/kalashkala/visual-spatial-reasoning/truthrl-sample/images/000000021151.jpg,The motorcycle is beneath the person.,"""What is the position of the motorcycle relative to the person?"""
/home/kalashkala/visual-spatial-reasoning/truthrl-sample/images/000000029747.jpg,The dog is touching the couch.,"""Where is the dog in relation to the couch?"""
/home/kalashkala/visual-spatial-reasoning/truthrl-sample/images/000000525721.jpg,The motorcycle is behind the dining table.,"""Where is the motorcycle relative to the dining table?"""
/home/kalashkala/visual-spatial-reasoning/truthrl-sample/images/000000284084.jpg,The car is in front of the giraffe.,"""Where is the car relative to the giraffe?"""
/home/kalashkala/visual-spatial-reasoning/truthrl-sample/images/000000528425.jpg,The sheep is beneath the person.,"""Where is the sheep relative to the person?"""
/home/kalashkala/visual-spatial-reasoning/truthrl-sample/images/000000491502.jpg,The pizza is at the edge of the dining table.,"""What is the position of the pizza in relation to the dining table?"""
/home/kalashkala/visual-spatial-reasoning/truthrl-sample/images/000000555109.jpg,The car is facing the bicycle.,"""Which direction is the car facing relative to the bicycle?"""
/home/kalashkala/visual-spatial-reasoning/truthrl-sample/images/000000559877.jpg,The sandwich is at the left side of the bottle.,"""Where is the sandwich relative to the bottle?"""
/home/kalashkala/visual-spatial-reasoning/truthrl-sample/images/000000126719.jpg,The cup is next to the cake.,"""What is the spatial relationship between the cup and the cake?"""
/home/kalashkala/visual-spatial-reasoning/truthrl-sample/images/000000528912.jpg,The person is at the left side of the teddy bear.,"""Where is the person relative to the teddy bear?"""
/home/kalashkala/visual-spatial-reasoning/truthrl-sample/images/000000324483.jpg,The cat is inside the suitcase.,"""Where is the cat in relation to the suitcase?"""
/home/kalashkala/visual-spatial-reasoning/truthrl-sample/images/000000385921.jpg,The suitcase is surrounding the dog.,"""What is the spatial relationship between the suitcase and the dog?"""
/home/kalashkala/visual-spatial-reasoning/truthrl-sample/images/000000502604.jpg,The suitcase is at the left side of the cat.,"""Where is the suitcase relative to the cat?"""
/home/kalashkala/visual-spatial-reasoning/truthrl-sample/images/000000545566.jpg,The bus is far away from the skateboard.,"""What is the distance between the bus and the skateboard?"""
/home/kalashkala/visual-spatial-reasoning/truthrl-sample/images/000000553862.jpg,The dining table is left of the bus.,"""Where is the dining table relative to the bus?"""
/home/kalashkala/visual-spatial-reasoning/truthrl-sample/images/000000048795.jpg,The book is against the bench.,"""What is the position of the book relative to the bench?"""
/home/kalashkala/visual-spatial-reasoning/truthrl-sample/images/000000502440.jpg,The person is right of the dining table.,"""What is the position of the person relative to the dining table?"""
/home/kalashkala/visual-spatial-reasoning/truthrl-sample/images/000000132568.jpg,The cow is alongside the train.,"""Where is the cow in relation to the train?"""
/home/kalashkala/visual-spatial-reasoning/truthrl-sample/images/000000281764.jpg,The dining table is at the side of the dog.,"""Where is the dining table relative to the dog?"""
/home/kalashkala/visual-spatial-reasoning/truthrl-sample/images/000000274642.jpg,The chair is at the left side of the cake.,"""Where is the chair relative to the cake?"""
/home/kalashkala/visual-spatial-reasoning/truthrl-sample/images/000000078548.jpg,The teddy bear is facing the motorcycle.,"""Which direction is the teddy bear facing relative to the motorcycle?"""
/home/kalashkala/visual-spatial-reasoning/truthrl-sample/images/000000286785.jpg,The zebra is in the car.,"""Where is the zebra?"""
/home/kalashkala/visual-spatial-reasoning/truthrl-sample/images/000000265707.jpg,The cat is touching the keyboard.,"""How is the cat positioned in relation to the keyboard?"""
/home/kalashkala/visual-spatial-reasoning/truthrl-sample/images/000000067373.jpg,The bus is far away from the donut.,"""What is the distance between the bus and the donut?"""
/home/kalashkala/visual-spatial-reasoning/truthrl-sample/images/000000020632.jpg,The teddy bear is within the suitcase.,"""Where is the teddy bear in relation to the suitcase?"""
/home/kalashkala/visual-spatial-reasoning/truthrl-sample/images/000000549327.jpg,The person is toward the refrigerator.,"""What is the position of the person relative to the refrigerator?"""
/home/kalashkala/visual-spatial-reasoning/truthrl-sample/images/000000168837.jpg,The dining table is alongside the bed.,"""What is the location of the dining table relative to the bed?"""
/home/kalashkala/visual-spatial-reasoning/truthrl-sample/images/000000499376.jpg,The person is at the right side of the dog.,"""Where is the person relative to the dog?"""
/home/kalashkala/visual-spatial-reasoning/truthrl-sample/images/000000395170.jpg,The suitcase contains the cat.,"""What is the relationship between the suitcase and the cat?"""
/home/kalashkala/visual-spatial-reasoning/truthrl-sample/images/000000001915.jpg,The motorcycle is in front of the dog.,"""Where is the motorcycle relative to the dog?"""
/home/kalashkala/visual-spatial-reasoning/truthrl-sample/images/000000141302.jpg,The boat is on the truck.,"""Where is the boat?"""
/home/kalashkala/visual-spatial-reasoning/truthrl-sample/images/000000252459.jpg,The elephant is in the truck.,"""What is the location of the elephant in relation to the truck?"""
/home/kalashkala/visual-spatial-reasoning/truthrl-sample/images/000000039828.jpg,The sink contains the cat.,"""What is the spatial relationship between the sink and the cat?"""
/home/kalashkala/visual-spatial-reasoning/truthrl-sample/images/000000514864.jpg,The bus is parallel to the person.,"""Where is the bus relative to the person?"""
/home/kalashkala/visual-spatial-reasoning/truthrl-sample/images/000000251124.jpg,The bench is against the bicycle.,"""What is the relationship between the bench and the bicycle?"""
/home/kalashkala/visual-spatial-reasoning/truthrl-sample/images/000000166853.jpg,The laptop is at the right side of the bowl.,"""Where is the laptop relative to the bowl?"""
/home/kalashkala/visual-spatial-reasoning/truthrl-sample/images/000000222716.jpg,The motorcycle is adjacent to the parking meter.,"""What is the relationship between the motorcycle and the parking meter?"""
/home/kalashkala/visual-spatial-reasoning/truthrl-sample/images/000000543517.jpg,The person is on the airplane.,"""Where is the person?"""
/home/kalashkala/visual-spatial-reasoning/truthrl-sample/images/000000201899.jpg,The parking meter is behind the person.,"""Where is the parking meter relative to the person?"""
/home/kalashkala/visual-spatial-reasoning/truthrl-sample/images/000000085814.jpg,The couch is beneath the person.,"""Where is the couch relative to the person?"""
/home/kalashkala/visual-spatial-reasoning/truthrl-sample/images/000000501126.jpg,The cat is behind the laptop.,"""Where is the cat relative to the laptop?"""
/home/kalashkala/visual-spatial-reasoning/truthrl-sample/images/000000434222.jpg,The cat is behind the tv.,"""What is the location of the cat relative to the tv?"""
/home/kalashkala/visual-spatial-reasoning/truthrl-sample/images/000000292242.jpg,The teddy bear is at the edge of the bench.,"""Where is the teddy bear in relation to the bench?"""
/home/kalashkala/visual-spatial-reasoning/truthrl-sample/images/000000134738.jpg,The hair drier is in front of the person.,"""Where is the hair drier relative to the person?"""
/home/kalashkala/visual-spatial-reasoning/truthrl-sample/images/000000227730.jpg,The bowl contains the cat.,"""Where is the cat in relation to the bowl?"""
/home/kalashkala/visual-spatial-reasoning/truthrl-sample/images/000000286141.jpg,The umbrella is over the cat.,"""Where is the umbrella relative to the cat?"""
/home/kalashkala/visual-spatial-reasoning/truthrl-sample/images/000000402177.jpg,The cat is next to the person.,"""What is the spatial relationship between the cat and the person?"""
/home/kalashkala/visual-spatial-reasoning/truthrl-sample/images/000000485044.jpg,The keyboard is next to the cat.,"""What is the location of the keyboard relative to the cat?"""
/home/kalashkala/visual-spatial-reasoning/truthrl-sample/images/000000363468.jpg,The couch is across from the person.,"""What is the position of the couch relative to the person?"""
/home/kalashkala/visual-spatial-reasoning/truthrl-sample/images/000000553735.jpg,The bus is in front of the truck.,"""What is the position of the bus relative to the truck?"""
/home/kalashkala/visual-spatial-reasoning/truthrl-sample/images/000000221771.jpg,The cow is facing the person.,"""Which direction is the cow facing?"""
/home/kalashkala/visual-spatial-reasoning/truthrl-sample/images/000000387136.jpg,The cow is part of the bus.,"""What is the relationship between the cow and the bus?"""
/home/kalashkala/visual-spatial-reasoning/truthrl-sample/images/000000282287.jpg,The dog is away from the couch.,"""Where is the dog relative to the couch?"""
/home/kalashkala/visual-spatial-reasoning/truthrl-sample/images/000000108894.jpg,The teddy bear is part of the cake.,"""What is the relationship between the teddy bear and the cake?"""
/home/kalashkala/visual-spatial-reasoning/truthrl-sample/images/000000350160.jpg,The bed is beneath the person.,"""Where is the bed relative to the person?"""
/home/kalashkala/visual-spatial-reasoning/truthrl-sample/images/000000350810.jpg,The cat is touching the keyboard.,"""What is the relationship between the cat and the keyboard?"""
/home/kalashkala/visual-spatial-reasoning/truthrl-sample/images/000000101245.jpg,The handbag is beside the cat.,"""Where is the handbag in relation to the cat?"""
/home/kalashkala/visual-spatial-reasoning/truthrl-sample/images/000000341603.jpg,The person is beside the donut.,"""What is the spatial relationship between the person and the donut?"""
/home/kalashkala/visual-spatial-reasoning/truthrl-sample/images/000000141441.jpg,The suitcase is surrounding the cat.,"""Where is the suitcase relative to the cat?"""
/home/kalashkala/visual-spatial-reasoning/truthrl-sample/images/000000402297.jpg,The dog is on the bus.,"""Where is the dog?"""
/home/kalashkala/visual-spatial-reasoning/truthrl-sample/images/000000067716.jpg,The sandwich is in front of the laptop.,"""Where is the sandwich relative to the laptop?"""
/home/kalashkala/visual-spatial-reasoning/truthrl-sample/images/000000576449.jpg,The chair is far from the bus.,"""Where is the chair relative to the bus?"""
/home/kalashkala/visual-spatial-reasoning/truthrl-sample/images/000000282733.jpg,The vase is toward the person.,"""Where is the vase relative to the person?"""
/home/kalashkala/visual-spatial-reasoning/truthrl-sample/images/000000112719.jpg,The umbrella is under the cat.,"""Where is the umbrella relative to the cat?"""
/home/kalashkala/visual-spatial-reasoning/truthrl-sample/images/000000223905.jpg,The bicycle is off the train.,"""Where is the bicycle relative to the train?"""
/home/kalashkala/visual-spatial-reasoning/truthrl-sample/images/000000345665.jpg,The hot dog is into the person.,"""What is the relationship between the hot dog and the person?"""
/home/kalashkala/visual-spatial-reasoning/truthrl-sample/images/000000564386.jpg,The train is at the left side of the person.,"""Where is the train relative to the person?"""
/home/kalashkala/visual-spatial-reasoning/truthrl-sample/images/000000092346.jpg,The oven is below the cake.,"""Where is the oven relative to the cake?"""
/home/kalashkala/visual-spatial-reasoning/truthrl-sample/images/000000189559.jpg,The cow is inside the truck.,"""What is the spatial relationship between the cow and the truck?"""
/home/kalashkala/visual-spatial-reasoning/truthrl-sample/images/000000060448.jpg,The person is above the suitcase.,"""Where is the person relative to the suitcase?"""
/home/kalashkala/visual-spatial-reasoning/truthrl-sample/images/000000121351.jpg,The car is far from the donut.,"""How is the car positioned relative to the donut?"""
/home/kalashkala/visual-spatial-reasoning/truthrl-sample/images/000000352549.jpg,The handbag is beneath the cat.,"""Where is the handbag relative to the cat?"""
/home/kalashkala/visual-spatial-reasoning/truthrl-sample/images/000000289698.jpg,The microwave is behind the cat.,"""Where is the microwave relative to the cat?"""
/home/kalashkala/visual-spatial-reasoning/truthrl-sample/images/000000540765.jpg,The couch is behind the person.,"""Where is the couch relative to the person?"""
/home/kalashkala/visual-spatial-reasoning/truthrl-sample/images/000000180584.jpg,The laptop is at the left side of the person.,"""Where is the laptop relative to the person?"""
/home/kalashkala/visual-spatial-reasoning/truthrl-sample/images/000000176372.jpg,The horse is facing the bus.,"""Which direction is the horse facing in relation to the bus?"""
/home/kalashkala/visual-spatial-reasoning/truthrl-sample/images/000000471871.jpg,The car is behind the cat.,"""What is the position of the car relative to the cat?"""
/home/kalashkala/visual-spatial-reasoning/truthrl-sample/images/000000318462.jpg,The umbrella is over the cat.,"""What is the position of the umbrella relative to the cat?"""
/home/kalashkala/visual-spatial-reasoning/truthrl-sample/images/000000532714.jpg,The bench is above the suitcase.,"""Where is the bench relative to the suitcase?"""
/home/kalashkala/visual-spatial-reasoning/truthrl-sample/images/000000343185.jpg,The suitcase is beside the bottle.,"""Where is the suitcase relative to the bottle?"""
/home/kalashkala/visual-spatial-reasoning/truthrl-sample/images/000000492774.jpg,The dog is in front of the keyboard.,"""What is the position of the dog relative to the keyboard?"""
/home/kalashkala/visual-spatial-reasoning/truthrl-sample/images/000000346774.jpg,The couch is behind the pizza.,"""Where is the couch relative to the pizza?"""
/home/kalashkala/visual-spatial-reasoning/truthrl-sample/images/000000133030.jpg,The bed is under the umbrella.,"""What is the spatial relationship between the bed and the umbrella?"""
/home/kalashkala/visual-spatial-reasoning/truthrl-sample/images/000000335481.jpg,The car is above the cat.,"""Where is the car relative to the cat?"""
/home/kalashkala/visual-spatial-reasoning/truthrl-sample/images/000000046306.jpg,The car is part of the bed.,"""What is the relationship between the car and the bed?"""
/home/kalashkala/visual-spatial-reasoning/truthrl-sample/images/000000101762.jpg,The bicycle is in front of the cat.,"""Where is the bicycle relative to the cat?"""
/home/kalashkala/visual-spatial-reasoning/truthrl-sample/images/000000375278.jpg,The cat is in the suitcase.,"""What is the location of the cat?"""
/home/kalashkala/visual-spatial-reasoning/truthrl-sample/images/000000341219.jpg,The dining table is touching the person.,"""Where is the person in relation to the dining table?"""
/home/kalashkala/visual-spatial-reasoning/truthrl-sample/images/000000253785.jpg,The dog is in front of the chair.,"""What is the position of the dog relative to the chair?"""
/home/kalashkala/visual-spatial-reasoning/truthrl-sample/images/000000475510.jpg,The refrigerator is at the left side of the person.,"""Where is the refrigerator relative to the person?"""
/home/kalashkala/visual-spatial-reasoning/truthrl-sample/images/000000517629.jpg,The sink contains the cat.,"""What is the relationship between the sink and the cat?"""
/home/kalashkala/visual-spatial-reasoning/truthrl-sample/images/000000531179.jpg,The couch is beneath the bird.,"""What is the relationship between the couch and the bird?"""
/home/kalashkala/visual-spatial-reasoning/truthrl-sample/images/000000166464.jpg,The dining table is under the teddy bear.,"""What is the location of the dining table relative to the teddy bear?"""
/home/kalashkala/visual-spatial-reasoning/truthrl-sample/images/000000543719.jpg,The suitcase is far from the cat.,"""What is the relationship between the suitcase and the cat?"""
/home/kalashkala/visual-spatial-reasoning/truthrl-sample/images/000000192277.jpg,The bench is far away from the bed.,"""Where is the bench in relation to the bed?"""
/home/kalashkala/visual-spatial-reasoning/truthrl-sample/images/000000572409.jpg,The bird is at the edge of the bench.,"""What is the bird's position in relation to the bench?"""
/home/kalashkala/visual-spatial-reasoning/truthrl-sample/images/000000177913.jpg,The cat is on top of the bed.,"""Where is the cat in relation to the bed?"""
/home/kalashkala/visual-spatial-reasoning/truthrl-sample/images/000000522935.jpg,The cell phone is at the left side of the person.,"""Where is the cell phone relative to the person?"""
/home/kalashkala/visual-spatial-reasoning/truthrl-sample/images/000000374072.jpg,The car is far from the hot dog.,"""How is the car positioned relative to the hot dog?"""
/home/kalashkala/visual-spatial-reasoning/truthrl-sample/images/000000467686.jpg,The teddy bear is part of the couch.,"""Where is the teddy bear in relation to the couch?"""
/home/kalashkala/visual-spatial-reasoning/truthrl-sample/images/000000358868.jpg,The handbag is under the cat.,Where is the handbag relative to the cat?
/home/kalashkala/visual-spatial-reasoning/truthrl-sample/images/000000030815.jpg,The book is on the teddy bear.,"""Where is the book?"""
/home/kalashkala/visual-spatial-reasoning/truthrl-sample/images/000000538259.jpg,The teddy bear is on top of the bench.,"""What is the relationship between the teddy bear and the bench?"""
/home/kalashkala/visual-spatial-reasoning/truthrl-sample/images/000000014034.jpg,The banana is next to the bottle.,"""What is the relationship between the banana and the bottle?"""
/home/kalashkala/visual-spatial-reasoning/truthrl-sample/images/000000028231.jpg,The bicycle is touching the person.,"""How is the bicycle positioned relative to the person?"""
/home/kalashkala/visual-spatial-reasoning/truthrl-sample/images/000000393971.jpg,The laptop contains the person.,"""What is the spatial relationship between the person and the laptop?"""
/home/kalashkala/visual-spatial-reasoning/truthrl-sample/images/000000543043.jpg,The boat is on top of the bus.,"""What is the spatial relationship between the boat and the bus?"""
/home/kalashkala/visual-spatial-reasoning/truthrl-sample/images/000000229362.jpg,The hot dog is above the dining table.,"""What is the position of the hot dog relative to the dining table?"""
/home/kalashkala/visual-spatial-reasoning/truthrl-sample/images/000000159403.jpg,The dining table is opposite to the bus.,"""What is the position of the dining table relative to the bus?"""
/home/kalashkala/visual-spatial-reasoning/truthrl-sample/images/000000531049.jpg,The train is near the laptop.,"""Where is the train in relation to the laptop?"""
/home/kalashkala/visual-spatial-reasoning/truthrl-sample/images/000000275268.jpg,The teddy bear is on the person.,"""Where is the teddy bear?"""
/home/kalashkala/visual-spatial-reasoning/truthrl-sample/images/000000408351.jpg,The potted plant is left of the fire hydrant.,"""Where is the potted plant relative to the fire hydrant?"""
/home/kalashkala/visual-spatial-reasoning/truthrl-sample/images/000000450081.jpg,The person is touching the giraffe.,"""What is the relationship between the person and the giraffe?"""
/home/kalashkala/visual-spatial-reasoning/truthrl-sample/images/000000154202.jpg,The bed is under the backpack.,"""Where is the bed relative to the backpack?"""
/home/kalashkala/visual-spatial-reasoning/truthrl-sample/images/000000395888.jpg,The bowl is touching the person.,"""Where is the bowl in relation to the person?"""
/home/kalashkala/visual-spatial-reasoning/truthrl-sample/images/000000407139.jpg,The person is touching the couch.,"""What is the relationship between the person and the couch?"""
/home/kalashkala/visual-spatial-reasoning/truthrl-sample/images/000000042735.jpg,The keyboard is touching the cup.,"""What is the relationship between the keyboard and the cup?"""
/home/kalashkala/visual-spatial-reasoning/truthrl-sample/images/000000482841.jpg,The cat is in the sink.,"""What is the cat's position in relation to the sink?"""
/home/kalashkala/visual-spatial-reasoning/truthrl-sample/images/000000389577.jpg,The person is touching the laptop.,"""What is the relationship between the person and the laptop?"""
/home/kalashkala/visual-spatial-reasoning/truthrl-sample/images/000000154721.jpg,The motorcycle is part of the book.,"""What is the relationship between the motorcycle and the book?"""
/home/kalashkala/visual-spatial-reasoning/truthrl-sample/images/000000230548.jpg,The bed is under the suitcase.,"""Where is the bed relative to the suitcase?"""
/home/kalashkala/visual-spatial-reasoning/truthrl-sample/images/000000468443.jpg,The train is on top of the cake.,"""Where is the train relative to the cake?"""
/home/kalashkala/visual-spatial-reasoning/truthrl-sample/images/000000383494.jpg,The teddy bear is behind the cat.,"""What is the location of the teddy bear relative to the cat?"""
/home/kalashkala/visual-spatial-reasoning/truthrl-sample/images/000000158798.jpg,The umbrella is above the cat.,"""Where is the umbrella relative to the cat?"""
/home/kalashkala/visual-spatial-reasoning/truthrl-sample/images/000000491932.jpg,The suitcase is above the bed.,"""Where is the suitcase relative to the bed?"""
/home/kalashkala/visual-spatial-reasoning/truthrl-sample/images/000000357790.jpg,The fire hydrant is in front of the stop sign.,"""What is the relationship between the fire hydrant and the stop sign?"""
/home/kalashkala/visual-spatial-reasoning/truthrl-sample/images/000000366058.jpg,The train is in front of the car.,"""Where is the train relative to the car?"""
/home/kalashkala/visual-spatial-reasoning/truthrl-sample/images/000000475663.jpg,The dog is at the right side of the teddy bear.,"""Where is the dog relative to the teddy bear?"""
/home/kalashkala/visual-spatial-reasoning/truthrl-sample/images/000000038668.jpg,The orange is on the banana.,"""What is the relationship between the orange and the banana?"""
/home/kalashkala/visual-spatial-reasoning/truthrl-sample/images/000000009119.jpg,The bed is above the laptop.,"""Where is the bed relative to the laptop?"""
/home/kalashkala/visual-spatial-reasoning/truthrl-sample/images/000000481530.jpg,The donut is on the dining table.,"""Where is the donut?"""
/home/kalashkala/visual-spatial-reasoning/truthrl-sample/images/000000129067.jpg,The cup contains the banana.,"""What is the spatial relationship between the cup and the banana?"""
/home/kalashkala/visual-spatial-reasoning/truthrl-sample/images/000000442252.jpg,The handbag is on the bed.,"""Where is the handbag?"""
/home/kalashkala/visual-spatial-reasoning/truthrl-sample/images/000000192871.jpg,The bowl contains the apple.,"""What is the relationship between the bowl and the apple?"""
/home/kalashkala/visual-spatial-reasoning/truthrl-sample/images/000000390474.jpg,The backpack is on the bed.,"""What is the backpack's position relative to the bed?"""
/home/kalashkala/visual-spatial-reasoning/truthrl-sample/images/000000384826.jpg,The banana is touching the sandwich.,"""How is the banana related to the sandwich?"""
/home/kalashkala/visual-spatial-reasoning/truthrl-sample/images/000000515077.jpg,The person is far from the tv.,"""Where is the person relative to the tv?"""
/home/kalashkala/visual-spatial-reasoning/truthrl-sample/images/000000204887.jpg,The bus is attached to the bicycle.,"""What is the relationship between the bus and the bicycle?"""
/home/kalashkala/visual-spatial-reasoning/truthrl-sample/images/000000132099.jpg,The couch is touching the cat.,"""How is the couch related to the cat?"""
/home/kalashkala/visual-spatial-reasoning/truthrl-sample/images/000000533917.jpg,The banana is at the right side of the sandwich.,"""Where is the banana relative to the sandwich?"""
/home/kalashkala/visual-spatial-reasoning/truthrl-sample/images/000000188084.jpg,The sandwich is on the dining table.,Where is the sandwich?
/home/kalashkala/visual-spatial-reasoning/truthrl-sample/images/000000254050.jpg,The backpack is on the dog.,"""Where is the backpack in relation to the dog?"""
/home/kalashkala/visual-spatial-reasoning/truthrl-sample/images/000000523225.jpg,The tv is facing the person.,"""Where is the tv facing in relation to the person?"""
/home/kalashkala/visual-spatial-reasoning/truthrl-sample/images/000000139008.jpg,The umbrella is on the bed.,"""Where is the umbrella?"""
/home/kalashkala/visual-spatial-reasoning/truthrl-sample/images/000000268646.jpg,The person is alongside the cow.,"""Where is the person in relation to the cow?"""
/home/kalashkala/visual-spatial-reasoning/truthrl-sample/images/000000066271.jpg,The cat is on top of the suitcase.,"""Where is the cat relative to the suitcase?"""
/home/kalashkala/visual-spatial-reasoning/truthrl-sample/images/000000352065.jpg,The car is left of the surfboard.,"""Where is the car relative to the surfboard?"""
/home/kalashkala/visual-spatial-reasoning/truthrl-sample/images/000000434417.jpg,The bed is adjacent to the couch.,"""What is the spatial relationship between the bed and the couch?"""
/home/kalashkala/visual-spatial-reasoning/truthrl-sample/images/000000511133.jpg,The banana is inside the bowl.,"""Where is the banana in relation to the bowl?"""
/home/kalashkala/visual-spatial-reasoning/truthrl-sample/images/000000234929.jpg,The dining table is beneath the airplane.,"""What is the relationship between the dining table and the airplane?"""
/home/kalashkala/visual-spatial-reasoning/truthrl-sample/images/000000361672.jpg,The dining table is in front of the bus.,"""Where is the dining table relative to the bus?"""
/home/kalashkala/visual-spatial-reasoning/truthrl-sample/images/000000047333.jpg,The dining table is beneath the cat.,"""What is the relationship between the dining table and the cat?"""
/home/kalashkala/visual-spatial-reasoning/truthrl-sample/images/000000559270.jpg,The surfboard is above the car.,"""Where is the surfboard relative to the car?"""
/home/kalashkala/visual-spatial-reasoning/truthrl-sample/images/000000401218.jpg,The dog is in front of the cake.,"""Where is the dog relative to the cake?"""
/home/kalashkala/visual-spatial-reasoning/truthrl-sample/images/000000494386.jpg,The refrigerator is at the side of the bed.,"""Where is the refrigerator in relation to the bed?"""
/home/kalashkala/visual-spatial-reasoning/truthrl-sample/images/000000503943.jpg,The laptop is above the bed.,"""Where is the laptop relative to the bed?"""
/home/kalashkala/visual-spatial-reasoning/truthrl-sample/images/000000343104.jpg,The person is at the right side of the cake.,"""Where is the person in relation to the cake?"""
/home/kalashkala/visual-spatial-reasoning/truthrl-sample/images/000000013943.jpg,The horse is left of the bus.,"""Where is the horse in relation to the bus?"""
/home/kalashkala/visual-spatial-reasoning/truthrl-sample/images/000000238193.jpg,The bowl is in the microwave.,"""What is the location of the bowl?"""
/home/kalashkala/visual-spatial-reasoning/truthrl-sample/images/000000432906.jpg,The cat is on the laptop.,"""Where is the cat in relation to the laptop?"""
/home/kalashkala/visual-spatial-reasoning/truthrl-sample/images/000000418912.jpg,The giraffe is across from the person.,"""What is the relationship between the giraffe and the person?"""
/home/kalashkala/visual-spatial-reasoning/truthrl-sample/images/000000053580.jpg,The person is at the left side of the bus.,"""Where is the person relative to the bus?"""
/home/kalashkala/visual-spatial-reasoning/truthrl-sample/images/000000072817.jpg,The pizza is beside the bowl.,"""Where is the pizza relative to the bowl?"""
/home/kalashkala/visual-spatial-reasoning/truthrl-sample/images/000000404159.jpg,The bed is beneath the person.,"""Where is the bed relative to the person?"""
/home/kalashkala/visual-spatial-reasoning/truthrl-sample/images/000000303765.jpg,The traffic light is in front of the bus.,"""Where is the traffic light relative to the bus?"""
/home/kalashkala/visual-spatial-reasoning/truthrl-sample/images/000000333691.jpg,The chair is behind the person.,"""Where is the chair relative to the person?"""
/home/kalashkala/visual-spatial-reasoning/truthrl-sample/images/000000106722.jpg,The motorcycle is behind the bus.,"""What is the location of the motorcycle relative to the bus?"""
/home/kalashkala/visual-spatial-reasoning/truthrl-sample/images/000000037291.jpg,The cake is in front of the cat.,"""Where is the cake relative to the cat?"""
/home/kalashkala/visual-spatial-reasoning/truthrl-sample/images/000000110287.jpg,The cake is left of the cup.,"""Where is the cake in relation to the cup?"""
/home/kalashkala/visual-spatial-reasoning/truthrl-sample/images/000000562328.jpg,The dog is beside the donut.,"""Where is the dog relative to the donut?"""
/home/kalashkala/visual-spatial-reasoning/truthrl-sample/images/000000288106.jpg,The cat is left of the microwave.,"""Where is the cat relative to the microwave?"""
/home/kalashkala/visual-spatial-reasoning/truthrl-sample/images/000000322321.jpg,The laptop is at the left side of the chair.,"""Where is the laptop relative to the chair?"""
/home/kalashkala/visual-spatial-reasoning/truthrl-sample/images/000000453472.jpg,The umbrella is at the right side of the cat.,"""Where is the umbrella relative to the cat?"""
/home/kalashkala/visual-spatial-reasoning/truthrl-sample/images/000000155894.jpg,The motorcycle is next to the person.,"""Where is the motorcycle relative to the person?"""
/home/kalashkala/visual-spatial-reasoning/truthrl-sample/images/000000074502.jpg,The carrot is in the bowl.,"""Where is the carrot?"""
/home/kalashkala/visual-spatial-reasoning/truthrl-sample/images/000000105310.jpg,The refrigerator is facing the person.,"""Which direction is the refrigerator facing?"""
/home/kalashkala/visual-spatial-reasoning/truthrl-sample/images/000000336762.jpg,The laptop is next to the sandwich.,"""What is the location of the laptop in relation to the sandwich?"""
/home/kalashkala/visual-spatial-reasoning/truthrl-sample/images/000000222235.jpg,The bird is above the cat.,Where is the bird relative to the cat?
/home/kalashkala/visual-spatial-reasoning/truthrl-sample/images/000000053335.jpg,The car is perpendicular to the bicycle.,"""What is the orientation of the car relative to the bicycle?"""
/home/kalashkala/visual-spatial-reasoning/truthrl-sample/images/000000199215.jpg,The truck contains the bench.,"""What is the relationship between the truck and the bench?"""
/home/kalashkala/visual-spatial-reasoning/truthrl-sample/images/000000516281.jpg,The bus contains the person.,"""What is the spatial relationship between the person and the bus?"""
/home/kalashkala/visual-spatial-reasoning/truthrl-sample/images/000000436092.jpg,The dining table is touching the banana.,"""Where is the banana in relation to the dining table?"""
/home/kalashkala/visual-spatial-reasoning/truthrl-sample/images/000000511204.jpg,The person is on top of the elephant.,"""Where is the person relative to the elephant?"""
/home/kalashkala/visual-spatial-reasoning/truthrl-sample/images/000000376236.jpg,The giraffe is touching the person.,"""How is the giraffe positioned relative to the person?"""
/home/kalashkala/visual-spatial-reasoning/truthrl-sample/images/000000246736.jpg,The cat is on top of the keyboard.,"""Where is the cat relative to the keyboard?"""
/home/kalashkala/visual-spatial-reasoning/truthrl-sample/images/000000523639.jpg,The dining table is in front of the person.,"""Where is the dining table relative to the person?"""
/home/kalashkala/visual-spatial-reasoning/truthrl-sample/images/000000012827.jpg,The person is left of the cat.,"""Where is the person relative to the cat?"""
/home/kalashkala/visual-spatial-reasoning/truthrl-sample/images/000000477106.jpg,The refrigerator is beneath the cat.,"""Where is the refrigerator relative to the cat?"""
/home/kalashkala/visual-spatial-reasoning/truthrl-sample/images/000000554445.jpg,The person is facing away from the dining table.,"""Where is the person facing?"""
/home/kalashkala/visual-spatial-reasoning/truthrl-sample/images/000000364879.jpg,The cat is on the person.,"""Where is the cat in relation to the person?"""
/home/kalashkala/visual-spatial-reasoning/truthrl-sample/images/000000124926.jpg,The cat is facing the bird.,"""What direction is the cat facing?"""
/home/kalashkala/visual-spatial-reasoning/truthrl-sample/images/000000116049.jpg,The dining table is in front of the teddy bear.,"""What is the location of the dining table relative to the teddy bear?"""
/home/kalashkala/visual-spatial-reasoning/truthrl-sample/images/000000194120.jpg,The apple is beside the cat.,"""What is the relationship between the apple and the cat?"""
/home/kalashkala/visual-spatial-reasoning/truthrl-sample/images/000000184679.jpg,The sheep is in the truck.,"""Where is the sheep in relation to the truck?"""
/home/kalashkala/visual-spatial-reasoning/truthrl-sample/images/000000492137.jpg,The laptop is touching the cat.,"""Where is the laptop in relation to the cat?"""
/home/kalashkala/visual-spatial-reasoning/truthrl-sample/images/000000260953.jpg,The dog is off the keyboard.,"""Where is the dog relative to the keyboard?"""
/home/kalashkala/visual-spatial-reasoning/truthrl-sample/images/000000321223.jpg,The oven is at the right side of the person.,"""Where is the oven relative to the person?"""
/home/kalashkala/visual-spatial-reasoning/truthrl-sample/images/000000034138.jpg,The donut is touching the person.,"""What is the relationship between the donut and the person?"""
/home/kalashkala/visual-spatial-reasoning/truthrl-sample/images/000000200775.jpg,The person is behind the sandwich.,"""What is the position of the person relative to the sandwich?"""
/home/kalashkala/visual-spatial-reasoning/truthrl-sample/images/000000562602.jpg,The person is at the edge of the couch.,"""What is the relationship of the person to the couch?"""
/home/kalashkala/visual-spatial-reasoning/truthrl-sample/images/000000498082.jpg,The teddy bear is touching the person.,"""How is the teddy bear positioned relative to the person?"""
/home/kalashkala/visual-spatial-reasoning/truthrl-sample/images/000000371258.jpg,The potted plant is left of the cat.,"""Where is the potted plant relative to the cat?"""
/home/kalashkala/visual-spatial-reasoning/truthrl-sample/images/000000252000.jpg,The teddy bear is against the fire hydrant.,"""What is the position of the teddy bear relative to the fire hydrant?"""
/home/kalashkala/visual-spatial-reasoning/truthrl-sample/images/000000189509.jpg,The person is in front of the stop sign.,"""Where is the person relative to the stop sign?"""
/home/kalashkala/visual-spatial-reasoning/truthrl-sample/images/000000469648.jpg,The teddy bear is on the bed.,"""Where is the teddy bear?"""
/home/kalashkala/visual-spatial-reasoning/truthrl-sample/images/000000156156.jpg,The laptop is beneath the cat.,"""What is the spatial relationship between the laptop and the cat?"""
/home/kalashkala/visual-spatial-reasoning/truthrl-sample/images/000000508412.jpg,The orange is next to the apple.,"""What is the relationship between the orange and the apple?"""
/home/kalashkala/visual-spatial-reasoning/truthrl-sample/images/000000578671.jpg,The giraffe is at the right side of the person.,Where is the giraffe relative to the person?
/home/kalashkala/visual-spatial-reasoning/truthrl-sample/images/000000509783.jpg,The person is far from the elephant.,"""How far is the person from the elephant?"""
/home/kalashkala/visual-spatial-reasoning/truthrl-sample/images/000000123751.jpg,The suitcase contains the teddy bear.,"""What is the relationship between the suitcase and the teddy bear?"""
/home/kalashkala/visual-spatial-reasoning/truthrl-sample/images/000000458876.jpg,The truck is far from the bus.,"""What is the relative distance between the truck and the bus?"""
/home/kalashkala/visual-spatial-reasoning/truthrl-sample/images/000000431312.jpg,The giraffe is touching the person.,"""What is the relationship between the giraffe and the person?"""
/home/kalashkala/visual-spatial-reasoning/truthrl-sample/images/000000014635.jpg,The tv is away from the dining table.,"""Where is the tv relative to the dining table?"""
/home/kalashkala/visual-spatial-reasoning/truthrl-sample/images/000000446522.jpg,The refrigerator is behind the dog.,"""What is the location of the refrigerator relative to the dog?"""
/home/kalashkala/visual-spatial-reasoning/truthrl-sample/images/000000462151.jpg,The person is facing the refrigerator.,"""Which direction is the person facing?"""
/home/kalashkala/visual-spatial-reasoning/truthrl-sample/images/000000386694.jpg,The boat is around the dining table.,"""What is the boat's relationship to the dining table?"""
/home/kalashkala/visual-spatial-reasoning/truthrl-sample/images/000000439364.jpg,The toilet is surrounding the cat.,"""What is the relationship between the toilet and the cat?"""
/home/kalashkala/visual-spatial-reasoning/truthrl-sample/images/000000193680.jpg,The cat is on top of the car.,"""Where is the cat relative to the car?"""
/home/kalashkala/visual-spatial-reasoning/truthrl-sample/images/000000347794.jpg,The person is in front of the toilet.,"""Where is the person relative to the toilet?"""
/home/kalashkala/visual-spatial-reasoning/truthrl-sample/images/000000334135.jpg,The cell phone is on the dining table.,"""What is the cell phone's location in relation to the dining table?"""
/home/kalashkala/visual-spatial-reasoning/truthrl-sample/images/000000138315.jpg,The person is touching the banana.,"""What is the relationship between the person and the banana?"""
/home/kalashkala/visual-spatial-reasoning/truthrl-sample/images/000000237413.jpg,The cat is right of the toilet.,"""Where is the cat relative to the toilet?"""
/home/kalashkala/visual-spatial-reasoning/truthrl-sample/images/000000452300.jpg,The dog is under the chair.,Where is the dog relative to the chair?
/home/kalashkala/visual-spatial-reasoning/truthrl-sample/images/000000045183.jpg,The teddy bear is on the bed.,Where is the teddy bear?
/home/kalashkala/visual-spatial-reasoning/truthrl-sample/images/000000056262.jpg,The bed is under the person.,"""Where is the bed relative to the person?"""
/home/kalashkala/visual-spatial-reasoning/truthrl-sample/images/000000249822.jpg,The refrigerator is at the back of the person.,"""Where is the refrigerator relative to the person?"""
/home/kalashkala/visual-spatial-reasoning/truthrl-sample/images/000000558189.jpg,The cat is behind the laptop.,"""Where is the cat relative to the laptop?"""
/home/kalashkala/visual-spatial-reasoning/truthrl-sample/images/000000393432.jpg,The cat is touching the bed.,"""What is the relationship between the cat and the bed?"""
/home/kalashkala/visual-spatial-reasoning/truthrl-sample/images/000000179526.jpg,The sandwich is touching the person.,"""How is the sandwich related to the person?"""
/home/kalashkala/visual-spatial-reasoning/truthrl-sample/images/000000198196.jpg,The pizza is in front of the keyboard.,"""Where is the pizza relative to the keyboard?"""
/home/kalashkala/visual-spatial-reasoning/truthrl-sample/images/000000229633.jpg,The keyboard is touching the person.,"""What is the relationship between the keyboard and the person?"""
/home/kalashkala/visual-spatial-reasoning/truthrl-sample/images/000000054399.jpg,The handbag contains the cat.,"""What is the relationship between the handbag and the cat?"""
/home/kalashkala/visual-spatial-reasoning/truthrl-sample/images/000000043345.jpg,The dog is touching the laptop.,"""What is the relationship between the dog and the laptop?"""
/home/kalashkala/visual-spatial-reasoning/truthrl-sample/images/000000321127.jpg,The couch is under the person.,"""What is the spatial relationship between the couch and the person?"""
/home/kalashkala/visual-spatial-reasoning/truthrl-sample/images/000000181446.jpg,The person is touching the refrigerator.,"""What is the relationship between the person and the refrigerator?"""
/home/kalashkala/visual-spatial-reasoning/truthrl-sample/images/000000133291.jpg,The dining table is far away from the truck.,"""Where is the dining table relative to the truck?"""
/home/kalashkala/visual-spatial-reasoning/truthrl-sample/images/000000295443.jpg,The cat is on top of the microwave.,"""Where is the cat relative to the microwave?"""
/home/kalashkala/visual-spatial-reasoning/truthrl-sample/images/000000162282.jpg,The book is above the bed.,"""Where is the book relative to the bed?"""
/home/kalashkala/visual-spatial-reasoning/truthrl-sample/images/000000318234.jpg,The person is right of the laptop.,"""Where is the person relative to the laptop?"""
/home/kalashkala/visual-spatial-reasoning/truthrl-sample/images/000000071792.jpg,The bowl is below the cat.,"""Where is the bowl relative to the cat?"""
/home/kalashkala/visual-spatial-reasoning/truthrl-sample/images/000000391117.jpg,The person is inside the bus.,"""What is the spatial relationship between the person and the bus?"""
/home/kalashkala/visual-spatial-reasoning/truthrl-sample/images/000000398076.jpg,The person is facing the book.,"""What direction is the person facing?"""
/home/kalashkala/visual-spatial-reasoning/truthrl-sample/images/000000286717.jpg,The laptop is behind the bowl.,"""Where is the laptop relative to the bowl?"""
/home/kalashkala/visual-spatial-reasoning/truthrl-sample/images/000000123970.jpg,The cat is on top of the umbrella.,"""What is the spatial relationship between the cat and the umbrella?"""
/home/kalashkala/visual-spatial-reasoning/truthrl-sample/images/000000542854.jpg,The teddy bear is at the right side of the dog.,"""Where is the teddy bear relative to the dog?"""
/home/kalashkala/visual-spatial-reasoning/truthrl-sample/images/000000449909.jpg,The person is far away from the giraffe.,"""How far away is the person from the giraffe?"""
/home/kalashkala/visual-spatial-reasoning/truthrl-sample/images/000000460143.jpg,The motorcycle is parallel to the bus.,"""What is the relationship between the motorcycle and the bus?"""
/home/kalashkala/visual-spatial-reasoning/truthrl-sample/images/000000411065.jpg,The laptop is at the edge of the bed.,"""What is the position of the laptop relative to the bed?"""
/home/kalashkala/visual-spatial-reasoning/truthrl-sample/images/000000436273.jpg,The dining table is in front of the refrigerator.,"""Where is the dining table relative to the refrigerator?"""
/home/kalashkala/visual-spatial-reasoning/truthrl-sample/images/000000355159.jpg,The bus is behind the bench.,"""Where is the bus relative to the bench?"""
/home/kalashkala/visual-spatial-reasoning/truthrl-sample/images/000000303706.jpg,The cat is on top of the refrigerator.,"""Where is the cat relative to the refrigerator?"""
/home/kalashkala/visual-spatial-reasoning/truthrl-sample/images/000000267664.jpg,The cat is left of the couch.,Where is the cat relative to the couch?
/home/kalashkala/visual-spatial-reasoning/truthrl-sample/images/000000366349.jpg,The book is on top of the teddy bear.,"""What is the relationship between the book and the teddy bear?"""
/home/kalashkala/visual-spatial-reasoning/truthrl-sample/images/000000281424.jpg,The suitcase is beneath the cat.,"""Where is the suitcase relative to the cat?"""
/home/kalashkala/visual-spatial-reasoning/truthrl-sample/images/000000524594.jpg,The person is touching the cat.,"""How is the person positioned relative to the cat?"""
/home/kalashkala/visual-spatial-reasoning/truthrl-sample/images/000000310059.jpg,The pizza is under the tv.,"""Where is the pizza relative to the tv?"""
/home/kalashkala/visual-spatial-reasoning/truthrl-sample/images/000000485148.jpg,The cat is in front of the horse.,"""Where is the cat relative to the horse?"""
/home/kalashkala/visual-spatial-reasoning/truthrl-sample/images/000000015953.jpg,The apple is left of the cake.,"""Where is the apple in relation to the cake?"""
/home/kalashkala/visual-spatial-reasoning/truthrl-sample/images/000000114079.jpg,The suitcase is touching the person.,"""What is the relationship between the suitcase and the person?"""
/home/kalashkala/visual-spatial-reasoning/truthrl-sample/images/000000375407.jpg,The bed is touching the teddy bear.,"""How is the bed positioned in relation to the teddy bear?"""
/home/kalashkala/visual-spatial-reasoning/truthrl-sample/images/000000232451.jpg,The person is facing the pizza.,"""What direction is the person facing?"""
/home/kalashkala/visual-spatial-reasoning/truthrl-sample/images/000000282943.jpg,The person is on top of the bed.,"""Where is the person relative to the bed?"""
/home/kalashkala/visual-spatial-reasoning/truthrl-sample/images/000000316353.jpg,The potted plant is on top of the refrigerator.,"""What is the relationship between the potted plant and the refrigerator?"""
/home/kalashkala/visual-spatial-reasoning/truthrl-sample/images/000000126733.jpg,The banana is in the middle of the dining table.,"""What is the position of the banana on the dining table?"""
/home/kalashkala/visual-spatial-reasoning/truthrl-sample/images/000000014493.jpg,The person is at the right side of the teddy bear.,"""Where is the person relative to the teddy bear?"""
/home/kalashkala/visual-spatial-reasoning/truthrl-sample/images/000000441674.jpg,The dog is on top of the suitcase.,"""Where is the dog relative to the suitcase?"""
/home/kalashkala/visual-spatial-reasoning/truthrl-sample/images/000000212023.jpg,The dog is part of the vase.,"""What is the relationship between the dog and the vase?"""
/home/kalashkala/visual-spatial-reasoning/truthrl-sample/images/000000061946.jpg,The sandwich is touching the teddy bear.,"""What is the relationship between the sandwich and the teddy bear?"""
/home/kalashkala/visual-spatial-reasoning/truthrl-sample/images/000000507557.jpg,The person is touching the giraffe.,"""What is the relationship between the person and the giraffe?"""
/home/kalashkala/visual-spatial-reasoning/truthrl-sample/images/000000429408.jpg,The sandwich is on the dining table.,"""Where is the sandwich?"""
/home/kalashkala/visual-spatial-reasoning/truthrl-sample/images/000000566743.jpg,The suitcase contains the cat.,"""What is the relationship between the suitcase and the cat?"""
/home/kalashkala/visual-spatial-reasoning/truthrl-sample/images/000000521003.jpg,The truck is facing away from the bus.,"""In which direction is the truck facing relative to the bus?"""
/home/kalashkala/visual-spatial-reasoning/truthrl-sample/images/000000037322.jpg,The car is facing away from the motorcycle.,"""What direction is the car facing relative to the motorcycle?"""
/home/kalashkala/visual-spatial-reasoning/truthrl-sample/images/000000431060.jpg,The cat is on top of the toilet.,"""Where is the cat relative to the toilet?"""
/home/kalashkala/visual-spatial-reasoning/truthrl-sample/images/000000238217.jpg,The pizza is above the bicycle.,"""Where is the pizza relative to the bicycle?"""
/home/kalashkala/visual-spatial-reasoning/truthrl-sample/images/000000215845.jpg,The dining table is at the right side of the truck.,"""Where is the dining table in relation to the truck?"""
/home/kalashkala/visual-spatial-reasoning/truthrl-sample/images/000000397148.jpg,The tv is on top of the refrigerator.,"""Where is the tv relative to the refrigerator?"""
/home/kalashkala/visual-spatial-reasoning/truthrl-sample/images/000000252617.jpg,The handbag contains the cat.,"""Where is the cat in relation to the handbag?"""
/home/kalashkala/visual-spatial-reasoning/truthrl-sample/images/000000101497.jpg,The cake is under the dog.,"""What is the location of the cake relative to the dog?"""
/home/kalashkala/visual-spatial-reasoning/truthrl-sample/images/000000294535.jpg,The cup is next to the sandwich.,"""What is the relationship between the cup and the sandwich?"""
/home/kalashkala/visual-spatial-reasoning/truthrl-sample/images/000000563921.jpg,The suitcase is under the laptop.,"""Where is the suitcase relative to the laptop?"""
/home/kalashkala/visual-spatial-reasoning/truthrl-sample/images/000000248400.jpg,The pizza is at the right side of the person.,"""Where is the pizza in relation to the person?"""
/home/kalashkala/visual-spatial-reasoning/truthrl-sample/images/000000485083.jpg,The dining table is behind the suitcase.,"""What is the position of the dining table relative to the suitcase?"""
/home/kalashkala/visual-spatial-reasoning/truthrl-sample/images/000000277797.jpg,The person is behind the parking meter.,"""What is the position of the person relative to the parking meter?"""
/home/kalashkala/visual-spatial-reasoning/truthrl-sample/images/000000454326.jpg,The hot dog is in front of the microwave.,"""What is the position of the hot dog relative to the microwave?"""
/home/kalashkala/visual-spatial-reasoning/truthrl-sample/images/000000386778.jpg,The book is next to the dog.,"""Where is the book in relation to the dog?"""
/home/kalashkala/visual-spatial-reasoning/truthrl-sample/images/000000024223.jpg,The person is touching the oven.,"""What is the relationship between the person and the oven?"""
/home/kalashkala/visual-spatial-reasoning/truthrl-sample/images/000000293658.jpg,The bicycle is connected to the pizza.,"""What is the relationship between the bicycle and the pizza?"""
/home/kalashkala/visual-spatial-reasoning/truthrl-sample/images/000000219524.jpg,The bear is facing the truck.,"""What direction is the bear facing?"""
/home/kalashkala/visual-spatial-reasoning/truthrl-sample/images/000000562801.jpg,The bed is beneath the person.,"""What is the spatial relationship between the bed and the person?"""
/home/kalashkala/visual-spatial-reasoning/truthrl-sample/images/000000440586.jpg,The motorcycle is facing away from the bus.,"""Which direction is the motorcycle facing relative to the bus?"""
/home/kalashkala/visual-spatial-reasoning/truthrl-sample/images/000000341617.jpg,The bench is on top of the elephant.,"""What is the spatial relationship between the bench and the elephant?"""
/home/kalashkala/visual-spatial-reasoning/truthrl-sample/images/000000151358.jpg,The tie is near the teddy bear.,"""What is the location of the tie relative to the teddy bear?"""
/home/kalashkala/visual-spatial-reasoning/truthrl-sample/images/000000274640.jpg,The person is in the boat.,"""What is the relationship between the person and the boat?"""
/home/kalashkala/visual-spatial-reasoning/truthrl-sample/images/000000404673.jpg,The cat is at the left side of the couch.,Where is the cat relative to the couch?
/home/kalashkala/visual-spatial-reasoning/truthrl-sample/images/000000121619.jpg,The person is next to the parking meter.,"""Where is the person in relation to the parking meter?"""
/home/kalashkala/visual-spatial-reasoning/truthrl-sample/images/000000076738.jpg,The keyboard is in front of the person.,"""Where is the keyboard relative to the person?"""
/home/kalashkala/visual-spatial-reasoning/truthrl-sample/images/000000301061.jpg,The elephant is inside the truck.,"""Where is the elephant in relation to the truck?"""
/home/kalashkala/visual-spatial-reasoning/truthrl-sample/images/000000189880.jpg,The person is in the middle of the couch.,"""What position is the person on the couch?"""
/home/kalashkala/visual-spatial-reasoning/truthrl-sample/images/000000580274.jpg,The teddy bear is on the bed.,"""Where is the teddy bear?"""
/home/kalashkala/visual-spatial-reasoning/truthrl-sample/images/000000003474.jpg,The suitcase is beneath the cat.,"""What is the location of the suitcase relative to the cat?"""
/home/kalashkala/visual-spatial-reasoning/truthrl-sample/images/000000030156.jpg,The cat is under the bench.,"""Where is the cat relative to the bench?"""
/home/kalashkala/visual-spatial-reasoning/truthrl-sample/images/000000518273.jpg,The teddy bear is toward the book.,"""What is the teddy bear's position relative to the book?"""
/home/kalashkala/visual-spatial-reasoning/truthrl-sample/images/000000075624.jpg,The bed is touching the person.,"""What is the relationship between the bed and the person?"""
/home/kalashkala/visual-spatial-reasoning/truthrl-sample/images/000000022374.jpg,The cat is on top of the laptop.,"""Where is the cat relative to the laptop?"""
/home/kalashkala/visual-spatial-reasoning/truthrl-sample/images/000000230109.jpg,The bed is at the left side of the couch.,"""What is the position of the bed relative to the couch?"""
/home/kalashkala/visual-spatial-reasoning/truthrl-sample/images/000000369872.jpg,The sandwich is at the edge of the dining table.,"""What is the relationship of the sandwich to the dining table?"""
/home/kalashkala/visual-spatial-reasoning/truthrl-sample/images/000000111322.jpg,The chair is below the cat.,"""Where is the chair relative to the cat?"""
/home/kalashkala/visual-spatial-reasoning/truthrl-sample/images/000000152385.jpg,The motorcycle is next to the truck.,"""What is the relationship between the motorcycle and the truck?"""
/home/kalashkala/visual-spatial-reasoning/truthrl-sample/images/000000366499.jpg,The book is adjacent to the pizza.,"""What is the relationship between the book and the pizza?"""
/home/kalashkala/visual-spatial-reasoning/truthrl-sample/images/000000316194.jpg,The umbrella is beside the bus.,"""Where is the umbrella relative to the bus?"""
/home/kalashkala/visual-spatial-reasoning/truthrl-sample/images/000000234533.jpg,The cake is on top of the bicycle.,"""Where is the cake relative to the bicycle?"""
/home/kalashkala/visual-spatial-reasoning/truthrl-sample/images/000000238795.jpg,The broccoli is at the left side of the pizza.,"""Where is the broccoli relative to the pizza?"""
/home/kalashkala/visual-spatial-reasoning/truthrl-sample/images/000000348290.jpg,The person is in front of the cat.,"""What is the position of the person relative to the cat?"""
/home/kalashkala/visual-spatial-reasoning/truthrl-sample/images/000000460496.jpg,The tv is close to the person.,"""Where is the tv relative to the person?"""
/home/kalashkala/visual-spatial-reasoning/truthrl-sample/images/000000287649.jpg,The cat is at the back of the keyboard.,"""What is the location of the cat relative to the keyboard?"""
/home/kalashkala/visual-spatial-reasoning/truthrl-sample/images/000000447849.jpg,The person is touching the parking meter.,"""Where is the person in relation to the parking meter?"""
/home/kalashkala/visual-spatial-reasoning/truthrl-sample/images/000000324871.jpg,The bench is attached to the elephant.,"""Where is the bench in relation to the elephant?"""
/home/kalashkala/visual-spatial-reasoning/truthrl-sample/images/000000270922.jpg,The microwave is in front of the person.,"""Where is the microwave relative to the person?"""
/home/kalashkala/visual-spatial-reasoning/truthrl-sample/images/000000496517.jpg,The cat is facing away from the person.,"""Which direction is the cat facing relative to the person?"""
/home/kalashkala/visual-spatial-reasoning/truthrl-sample/images/000000125703.jpg,The elephant is facing the person.,"""Where is the elephant looking?"""
/home/kalashkala/visual-spatial-reasoning/truthrl-sample/images/000000172006.jpg,The truck is across from the bed.,"""What is the location of the truck relative to the bed?"""
/home/kalashkala/visual-spatial-reasoning/truthrl-sample/images/000000123739.jpg,The bowl is in front of the cat.,"""Where is the bowl relative to the cat?"""
/home/kalashkala/visual-spatial-reasoning/truthrl-sample/images/000000053629.jpg,The cat is over the tv.,"""Where is the cat relative to the tv?"""
/home/kalashkala/visual-spatial-reasoning/truthrl-sample/images/000000144373.jpg,The donut is at the left side of the chair.,"""Where is the donut relative to the chair?"""
/home/kalashkala/visual-spatial-reasoning/truthrl-sample/images/000000110886.jpg,The refrigerator contains the sandwich.,"""What is the location of the sandwich relative to the refrigerator?"""
/home/kalashkala/visual-spatial-reasoning/truthrl-sample/images/000000548420.jpg,The boat is at the left side of the elephant.,"""Where is the boat relative to the elephant?"""
/home/kalashkala/visual-spatial-reasoning/truthrl-sample/images/000000346207.jpg,The laptop is behind the cat.,"""Where is the laptop relative to the cat?"""
/home/kalashkala/visual-spatial-reasoning/truthrl-sample/images/000000537372.jpg,The cat is at the edge of the bed.,"""What is the cat's position relative to the bed?"""
/home/kalashkala/visual-spatial-reasoning/truthrl-sample/images/000000352497.jpg,The person is inside the suitcase.,"""What is the spatial relationship between the person and the suitcase?"""
/home/kalashkala/visual-spatial-reasoning/truthrl-sample/images/000000096378.jpg,The sheep is touching the person.,"""What is the relationship between the sheep and the person?"""
/home/kalashkala/visual-spatial-reasoning/truthrl-sample/images/000000358616.jpg,The truck is far away from the bus.,"""What is the relative distance between the truck and the bus?"""
/home/kalashkala/visual-spatial-reasoning/truthrl-sample/images/000000383885.jpg,The dining table is near the suitcase.,"""Where is the dining table relative to the suitcase?"""
/home/kalashkala/visual-spatial-reasoning/truthrl-sample/images/000000061852.jpg,The person is at the left side of the bear.,"""Where is the person in relation to the bear?"""
/home/kalashkala/visual-spatial-reasoning/truthrl-sample/images/000000157198.jpg,The oven contains the bowl.,"""Where is the bowl in relation to the oven?"""
/home/kalashkala/visual-spatial-reasoning/truthrl-sample/images/000000018396.jpg,The person is on the toilet.,"""What is the person's position relative to the toilet?"""
/home/kalashkala/visual-spatial-reasoning/truthrl-sample/images/000000139389.jpg,The car is beneath the surfboard.,"""What is the spatial relationship between the car and the surfboard?"""
/home/kalashkala/visual-spatial-reasoning/truthrl-sample/images/000000012102.jpg,The toilet is surrounding the cat.,"""What is the spatial relationship between the toilet and the cat?"""
/home/kalashkala/visual-spatial-reasoning/truthrl-sample/images/000000494471.jpg,The donut is touching the person.,"""How is the donut positioned relative to the person?"""
/home/kalashkala/visual-spatial-reasoning/truthrl-sample/images/000000306581.jpg,The bus is far away from the cow.,"""Where is the bus relative to the cow?"""
/home/kalashkala/visual-spatial-reasoning/truthrl-sample/images/000000512630.jpg,The banana is facing the cat.,"""What direction is the banana facing relative to the cat?"""
/home/kalashkala/visual-spatial-reasoning/truthrl-sample/images/000000539406.jpg,The cow is inside the truck.,"""What is the relationship between the cow and the truck?"""
/home/kalashkala/visual-spatial-reasoning/truthrl-sample/images/000000392715.jpg,The chair is opposite to the dog.,"""Where is the chair relative to the dog?"""
/home/kalashkala/visual-spatial-reasoning/truthrl-sample/images/000000349230.jpg,The sandwich is right of the laptop.,"""Where is the sandwich relative to the laptop?"""
/home/kalashkala/visual-spatial-reasoning/truthrl-sample/images/000000581451.jpg,The hot dog is close to the couch.,"""Where is the hot dog in relation to the couch?"""
/home/kalashkala/visual-spatial-reasoning/truthrl-sample/images/000000311337.jpg,The refrigerator is at the right side of the dining table.,"""What is the position of the refrigerator relative to the dining table?"""
/home/kalashkala/visual-spatial-reasoning/truthrl-sample/images/000000202447.jpg,The cat is touching the keyboard.,"""How is the cat positioned relative to the keyboard?"""
/home/kalashkala/visual-spatial-reasoning/truthrl-sample/images/000000341985.jpg,The dining table is touching the apple.,"""How is the dining table related to the apple?"""
/home/kalashkala/visual-spatial-reasoning/truthrl-sample/images/000000517318.jpg,The giraffe is behind the person.,"""What is the position of the giraffe relative to the person?"""
/home/kalashkala/visual-spatial-reasoning/truthrl-sample/images/000000229840.jpg,The horse is facing the dog.,"""What direction is the horse facing in relation to the dog?"""
/home/kalashkala/visual-spatial-reasoning/truthrl-sample/images/000000162355.jpg,The bus is past the cow.,"""Where is the bus relative to the cow?"""
/home/kalashkala/visual-spatial-reasoning/truthrl-sample/images/000000446352.jpg,The laptop is at the edge of the bed.,"""What is the laptop's position in relation to the bed?"""
/home/kalashkala/visual-spatial-reasoning/truthrl-sample/images/000000073064.jpg,The toilet is adjacent to the sink.,"""What is the spatial relationship between the toilet and the sink?"""
/home/kalashkala/visual-spatial-reasoning/truthrl-sample/images/000000554737.jpg,The laptop is touching the cat.,"""Where is the laptop in relation to the cat?"""
/home/kalashkala/visual-spatial-reasoning/truthrl-sample/images/000000304186.jpg,The couch is in front of the microwave.,"""What is the position of the couch relative to the microwave?"""
/home/kalashkala/visual-spatial-reasoning/truthrl-sample/images/000000159453.jpg,The laptop is by the cat.,"""Where is the laptop relative to the cat?"""
/home/kalashkala/visual-spatial-reasoning/truthrl-sample/images/000000068136.jpg,The cat is on top of the laptop.,"""What is the position of the cat relative to the laptop?"""
/home/kalashkala/visual-spatial-reasoning/truthrl-sample/images/000000514292.jpg,The teddy bear is against the book.,"""Where is the teddy bear in relation to the book?"""
/home/kalashkala/visual-spatial-reasoning/truthrl-sample/images/000000496009.jpg,The bed is touching the book.,"""How is the bed positioned in relation to the book?"""
/home/kalashkala/visual-spatial-reasoning/truthrl-sample/images/000000373848.jpg,The dining table is beneath the cell phone.,"""Where is the dining table relative to the cell phone?"""
/home/kalashkala/visual-spatial-reasoning/truthrl-sample/images/000000295017.jpg,The cat is in the sink.,"""What is the location of the cat?"""
/home/kalashkala/visual-spatial-reasoning/truthrl-sample/images/000000263968.jpg,The umbrella is over the bed.,"""Where is the umbrella relative to the bed?"""
/home/kalashkala/visual-spatial-reasoning/truthrl-sample/images/000000145381.jpg,The book is behind the teddy bear.,"""Where is the book relative to the teddy bear?"""
/home/kalashkala/visual-spatial-reasoning/truthrl-sample/images/000000184705.jpg,The laptop is under the cat.,"""Where is the laptop relative to the cat?"""
/home/kalashkala/visual-spatial-reasoning/truthrl-sample/images/000000187978.jpg,The person is at the back of the cow.,"""What is the position of the person relative to the cow?"""
/home/kalashkala/visual-spatial-reasoning/truthrl-sample/images/000000369037.jpg,The person is at the side of the elephant.,"""What is the location of the person relative to the elephant?"""
/home/kalashkala/visual-spatial-reasoning/truthrl-sample/images/000000218121.jpg,The person is above the horse.,"""Where is the person relative to the horse?"""
/home/kalashkala/visual-spatial-reasoning/truthrl-sample/images/000000129379.jpg,The person is away from the car.,"""What is the spatial relationship between the person and the car?"""
/home/kalashkala/visual-spatial-reasoning/truthrl-sample/images/000000234468.jpg,The teddy bear is on top of the cake.,"""What is the relationship between the teddy bear and the cake?"""
/home/kalashkala/visual-spatial-reasoning/truthrl-sample/images/000000531056.jpg,The car is behind the person.,"""Where is the car relative to the person?"""
/home/kalashkala/visual-spatial-reasoning/truthrl-sample/images/000000015071.jpg,The book is away from the bed.,"""Where is the book in relation to the bed?"""
/home/kalashkala/visual-spatial-reasoning/truthrl-sample/images/000000420765.jpg,The dog is below the bed.,"""Where is the dog relative to the bed?"""
/home/kalashkala/visual-spatial-reasoning/truthrl-sample/images/000000273083.jpg,The dining table is near the dog.,"""Where is the dining table relative to the dog?"""
/home/kalashkala/visual-spatial-reasoning/truthrl-sample/images/000000551166.jpg,The teddy bear is on the couch.,"""What is the location of the teddy bear?"""
/home/kalashkala/visual-spatial-reasoning/truthrl-sample/images/000000003067.jpg,The cat is facing the sandwich.,"""Which direction is the cat facing towards?"""
/home/kalashkala/visual-spatial-reasoning/truthrl-sample/images/000000357859.jpg,The bear is touching the car.,"""What is the relationship between the bear and the car?"""
/home/kalashkala/visual-spatial-reasoning/truthrl-sample/images/000000014766.jpg,The handbag is right of the cat.,"""Where is the handbag in relation to the cat?"""
/home/kalashkala/visual-spatial-reasoning/truthrl-sample/images/000000232394.jpg,The laptop is under the cat.,"""Where is the laptop relative to the cat?"""
/home/kalashkala/visual-spatial-reasoning/truthrl-sample/images/000000391685.jpg,The dog is next to the couch.,"""Where is the dog relative to the couch?"""
/home/kalashkala/visual-spatial-reasoning/truthrl-sample/images/000000541558.jpg,The bicycle is in front of the cat.,"""What is the location of the bicycle relative to the cat?"""
/home/kalashkala/visual-spatial-reasoning/truthrl-sample/images/000000264708.jpg,The cat is on the person.,"""Where is the cat relative to the person?"""
/home/kalashkala/visual-spatial-reasoning/truthrl-sample/images/000000500646.jpg,The cat is on top of the bed.,"""What is the spatial relationship between the cat and the bed?"""
/home/kalashkala/visual-spatial-reasoning/truthrl-sample/images/000000394115.jpg,The cat is below the bottle.,"""Where is the cat relative to the bottle?"""
/home/kalashkala/visual-spatial-reasoning/truthrl-sample/images/000000560495.jpg,The couch is near the cat.,"""Where is the couch relative to the cat?"""
/home/kalashkala/visual-spatial-reasoning/truthrl-sample/images/000000427252.jpg,The wine glass is at the right side of the bottle.,"""Where is the wine glass in relation to the bottle?"""
/home/kalashkala/visual-spatial-reasoning/truthrl-sample/images/000000333406.jpg,The person is touching the cat.,"""What is the relationship between the person and the cat?"""
/home/kalashkala/visual-spatial-reasoning/truthrl-sample/images/000000040419.jpg,The couch is behind the cat.,"""What is the position of the couch relative to the cat?"""
/home/kalashkala/visual-spatial-reasoning/truthrl-sample/images/000000340004.jpg,The cat is under the motorcycle.,"""Where is the cat relative to the motorcycle?"""
/home/kalashkala/visual-spatial-reasoning/truthrl-sample/images/000000373722.jpg,The toilet is off the dog.,"""What is the relationship between the toilet and the dog?"""
/home/kalashkala/visual-spatial-reasoning/truthrl-sample/images/000000230302.jpg,The bird is under the bench.,"""Where is the bird relative to the bench?"""
/home/kalashkala/visual-spatial-reasoning/truthrl-sample/images/000000489028.jpg,The donut is on the dining table.,"""What is the donut's location relative to the dining table?"""
/home/kalashkala/visual-spatial-reasoning/truthrl-sample/images/000000451449.jpg,The bed is next to the dog.,"""What is the relationship between the bed and the dog?"""
/home/kalashkala/visual-spatial-reasoning/truthrl-sample/images/000000049877.jpg,The banana is inside the bowl.,"""Where is the banana in relation to the bowl?"""
/home/kalashkala/visual-spatial-reasoning/truthrl-sample/images/000000434270.jpg,The stop sign is far away from the elephant.,"""Where is the stop sign in relation to the elephant?"""
/home/kalashkala/visual-spatial-reasoning/truthrl-sample/images/000000167995.jpg,The wine glass is left of the sandwich.,"""Where is the wine glass relative to the sandwich?"""
/home/kalashkala/visual-spatial-reasoning/truthrl-sample/images/000000188520.jpg,The zebra is facing away from the giraffe.,"""What direction is the zebra facing relative to the giraffe?"""
/home/kalashkala/visual-spatial-reasoning/truthrl-sample/images/000000113326.jpg,The cake is under the dog.,"""Where is the cake relative to the dog?"""
/home/kalashkala/visual-spatial-reasoning/truthrl-sample/images/000000552657.jpg,The pizza is touching the dog.,"""Where is the pizza relative to the dog?"""
/home/kalashkala/visual-spatial-reasoning/truthrl-sample/images/000000279917.jpg,The dog is at the right side of the person.,"""Where is the dog in relation to the person?"""
/home/kalashkala/visual-spatial-reasoning/truthrl-sample/images/000000075963.jpg,The cake is in front of the dog.,"""Where is the cake relative to the dog?"""
/home/kalashkala/visual-spatial-reasoning/truthrl-sample/images/000000308276.jpg,The motorcycle is facing the truck.,"""What direction is the motorcycle facing relative to the truck?"""
/home/kalashkala/visual-spatial-reasoning/truthrl-sample/images/000000177356.jpg,The skateboard is in front of the person.,"""Where is the skateboard relative to the person?"""
/home/kalashkala/visual-spatial-reasoning/truthrl-sample/images/000000169660.jpg,The oven contains the cake.,"""What is the relationship between the oven and the cake?"""
/home/kalashkala/visual-spatial-reasoning/truthrl-sample/images/000000028251.jpg,The truck is behind the elephant.,"""Where is the truck relative to the elephant?"""
/home/kalashkala/visual-spatial-reasoning/truthrl-sample/images/000000425175.jpg,The donut is at the side of the dining table.,"""Where is the donut in relation to the dining table?"""
/home/kalashkala/visual-spatial-reasoning/truthrl-sample/images/000000054643.jpg,The dog is touching the teddy bear.,"""What is the relationship between the dog and the teddy bear?"""
/home/kalashkala/visual-spatial-reasoning/truthrl-sample/images/000000139856.jpg,The donut is close to the person.,"""What is the spatial relationship between the donut and the person?"""
/home/kalashkala/visual-spatial-reasoning/truthrl-sample/images/000000178485.jpg,The person is on the bed.,"""What is the relationship between the person and the bed?"""
/home/kalashkala/visual-spatial-reasoning/truthrl-sample/images/000000217832.jpg,The donut is beside the dog.,"""Where is the donut relative to the dog?"""
/home/kalashkala/visual-spatial-reasoning/truthrl-sample/images/000000224134.jpg,The teddy bear is below the couch.,"""Where is the teddy bear relative to the couch?"""
/home/kalashkala/visual-spatial-reasoning/truthrl-sample/images/000000461340.jpg,The potted plant is above the couch.,"""Where is the potted plant relative to the couch?"""
/home/kalashkala/visual-spatial-reasoning/truthrl-sample/images/000000087672.jpg,The truck is behind the airplane.,"""What is the location of the truck relative to the airplane?"""
/home/kalashkala/visual-spatial-reasoning/truthrl-sample/images/000000206394.jpg,The boat is in front of the truck.,"""What is the position of the boat relative to the truck?"""
/home/kalashkala/visual-spatial-reasoning/truthrl-sample/images/000000262371.jpg,The backpack is beneath the cat.,"""Where is the backpack relative to the cat?"""
/home/kalashkala/visual-spatial-reasoning/truthrl-sample/images/000000497591.jpg,The refrigerator is behind the bench.,"""What is the location of the refrigerator relative to the bench?"""
/home/kalashkala/visual-spatial-reasoning/truthrl-sample/images/000000062716.jpg,The broccoli is at the right side of the pizza.,"""Where is the broccoli relative to the pizza?"""
/home/kalashkala/visual-spatial-reasoning/truthrl-sample/images/000000519688.jpg,The person is touching the bear.,"""Where is the person in relation to the bear?"""
/home/kalashkala/visual-spatial-reasoning/truthrl-sample/images/000000353427.jpg,The donut is left of the cup.,"""Where is the donut relative to the cup?"""
/home/kalashkala/visual-spatial-reasoning/truthrl-sample/images/000000072535.jpg,The cat is at the edge of the truck.,"""Where is the cat in relation to the truck?"""
/home/kalashkala/visual-spatial-reasoning/truthrl-sample/images/000000391774.jpg,The train is on top of the toilet.,"""What is the position of the train relative to the toilet?"""
/home/kalashkala/visual-spatial-reasoning/truthrl-sample/images/000000319743.jpg,The couch is under the person.,"""What is the spatial relationship between the couch and the person?"""
/home/kalashkala/visual-spatial-reasoning/truthrl-sample/images/000000189345.jpg,The teddy bear is facing the person.,"""Which direction is the teddy bear facing relative to the person?"""
/home/kalashkala/visual-spatial-reasoning/truthrl-sample/images/000000049942.jpg,The person is below the umbrella.,"""What is the position of the person relative to the umbrella?"""
/home/kalashkala/visual-spatial-reasoning/truthrl-sample/images/000000272253.jpg,The person is in front of the refrigerator.,"""Where is the person relative to the refrigerator?"""
/home/kalashkala/visual-spatial-reasoning/truthrl-sample/images/000000332420.jpg,The cat is inside the suitcase.,"""What is the relationship between the cat and the suitcase?"""
/home/kalashkala/visual-spatial-reasoning/truthrl-sample/images/000000238187.jpg,The dining table is touching the apple.,"""Where is the apple in relation to the dining table?"""
/home/kalashkala/visual-spatial-reasoning/truthrl-sample/images/000000459200.jpg,The pizza is on top of the oven.,"""Where is the pizza relative to the oven?"""
/home/kalashkala/visual-spatial-reasoning/truthrl-sample/images/000000378313.jpg,The cow is at the left side of the umbrella.,"""Where is the cow relative to the umbrella?"""
/home/kalashkala/visual-spatial-reasoning/truthrl-sample/images/000000246723.jpg,The cat is on top of the laptop.,"""Where is the cat relative to the laptop?"""
/home/kalashkala/visual-spatial-reasoning/truthrl-sample/images/000000475967.jpg,The donut is touching the dog.,"""What is the relationship between the donut and the dog?"""
/home/kalashkala/visual-spatial-reasoning/truthrl-sample/images/000000461600.jpg,The keyboard is beneath the cat.,"""Where is the keyboard relative to the cat?"""
/home/kalashkala/visual-spatial-reasoning/truthrl-sample/images/000000482808.jpg,The sandwich is at the left side of the laptop.,"""What is the position of the sandwich relative to the laptop?"""
/home/kalashkala/visual-spatial-reasoning/truthrl-sample/images/000000066825.jpg,The bus is away from the horse.,"""Where is the bus relative to the horse?"""
/home/kalashkala/visual-spatial-reasoning/truthrl-sample/images/000000043894.jpg,The laptop is touching the bed.,"""How is the laptop positioned relative to the bed?"""
/home/kalashkala/visual-spatial-reasoning/truthrl-sample/images/000000394151.jpg,The person is outside the car.,"""What is the position of the person relative to the car?"""
/home/kalashkala/visual-spatial-reasoning/truthrl-sample/images/000000155777.jpg,The bird is away from the motorcycle.,"""Where is the bird relative to the motorcycle?"""
/home/kalashkala/visual-spatial-reasoning/truthrl-sample/images/000000278184.jpg,The teddy bear is at the left side of the dog.,"""Where is the teddy bear relative to the dog?"""
/home/kalashkala/visual-spatial-reasoning/truthrl-sample/images/000000268227.jpg,The bench is at the right side of the bed.,"""Where is the bench in relation to the bed?"""
/home/kalashkala/visual-spatial-reasoning/truthrl-sample/images/000000064089.jpg,The parking meter is facing the truck.,"""What direction is the parking meter facing relative to the truck?"""
/home/kalashkala/visual-spatial-reasoning/truthrl-sample/images/000000086754.jpg,The dog is at the right side of the bench.,"""Where is the dog in relation to the bench?"""
/home/kalashkala/visual-spatial-reasoning/truthrl-sample/images/000000198308.jpg,The cat is touching the person.,"""How is the cat positioned relative to the person?"""
/home/kalashkala/visual-spatial-reasoning/truthrl-sample/images/000000458321.jpg,The person is on the chair.,"""What is the relationship between the person and the chair?"""
/home/kalashkala/visual-spatial-reasoning/truthrl-sample/images/000000461902.jpg,The truck contains the elephant.,"""Where is the elephant in relation to the truck?"""
/home/kalashkala/visual-spatial-reasoning/truthrl-sample/images/000000552142.jpg,The refrigerator is below the cat.,"""Where is the refrigerator relative to the cat?"""
/home/kalashkala/visual-spatial-reasoning/truthrl-sample/images/000000297964.jpg,The person is out of the couch.,"""What is the person's position relative to the couch?"""
/home/kalashkala/visual-spatial-reasoning/truthrl-sample/images/000000095517.jpg,The elephant is next to the person.,"""Where is the elephant in relation to the person?"""
/home/kalashkala/visual-spatial-reasoning/truthrl-sample/images/000000356920.jpg,The person is under the umbrella.,"""Where is the person relative to the umbrella?"""
/home/kalashkala/visual-spatial-reasoning/truthrl-sample/images/000000357044.jpg,The zebra is touching the horse.,"""How is the zebra positioned relative to the horse?"""
/home/kalashkala/visual-spatial-reasoning/truthrl-sample/images/000000410908.jpg,The banana is on the dining table.,"""Where is the banana?"""
/home/kalashkala/visual-spatial-reasoning/truthrl-sample/images/000000448843.jpg,The potted plant is away from the surfboard.,"""Where is the potted plant in relation to the surfboard?"""
/home/kalashkala/visual-spatial-reasoning/truthrl-sample/images/000000203163.jpg,The refrigerator is in front of the cat.,"""Where is the refrigerator relative to the cat?"""
/home/kalashkala/visual-spatial-reasoning/truthrl-sample/images/000000046686.jpg,The tv is touching the fire hydrant.,"""How is the tv positioned relative to the fire hydrant?"""
/home/kalashkala/visual-spatial-reasoning/truthrl-sample/images/000000440496.jpg,The hot dog is at the edge of the dining table.,"""What is the location of the hot dog relative to the dining table?"""
/home/kalashkala/visual-spatial-reasoning/truthrl-sample/images/000000283383.jpg,The zebra is far away from the bird.,"""How far away is the zebra from the bird?"""
/home/kalashkala/visual-spatial-reasoning/truthrl-sample/images/000000102421.jpg,The bed is under the handbag.,Where is the bed relative to the handbag?
/home/kalashkala/visual-spatial-reasoning/truthrl-sample/images/000000578031.jpg,The person is touching the pizza.,"""What is the relationship between the person and the pizza?"""
/home/kalashkala/visual-spatial-reasoning/truthrl-sample/images/000000134211.jpg,The kite is above the person.,"""Where is the kite relative to the person?"""
/home/kalashkala/visual-spatial-reasoning/truthrl-sample/images/000000560262.jpg,The bed is above the suitcase.,"""Where is the bed relative to the suitcase?"""
/home/kalashkala/visual-spatial-reasoning/truthrl-sample/images/000000226611.jpg,The dining table is far away from the bed.,"""Where is the dining table relative to the bed?"""
/home/kalashkala/visual-spatial-reasoning/truthrl-sample/images/000000520979.jpg,The umbrella is on the car.,"""Where is the umbrella in relation to the car?"""
/home/kalashkala/visual-spatial-reasoning/truthrl-sample/images/000000468951.jpg,The cat is in the suitcase.,"""Where is the cat in relation to the suitcase?"""
/home/kalashkala/visual-spatial-reasoning/truthrl-sample/images/000000433423.jpg,The cat is facing the tv.,"""Which direction is the cat facing?"""
/home/kalashkala/visual-spatial-reasoning/truthrl-sample/images/000000477137.jpg,The cat is touching the couch.,"""How is the cat positioned relative to the couch?"""
/home/kalashkala/visual-spatial-reasoning/truthrl-sample/images/000000557016.jpg,The motorcycle is ahead of the car.,"""Where is the motorcycle relative to the car?"""
/home/kalashkala/visual-spatial-reasoning/truthrl-sample/images/000000560969.jpg,The chair is facing the hot dog.,"""Which direction is the chair facing?"""
/home/kalashkala/visual-spatial-reasoning/truthrl-sample/images/000000024402.jpg,The person is touching the hair drier.,"""Where is the person relative to the hair drier?"""
/home/kalashkala/visual-spatial-reasoning/truthrl-sample/images/000000495570.jpg,The motorcycle is at the left side of the car.,"""Where is the motorcycle in relation to the car?"""
/home/kalashkala/visual-spatial-reasoning/truthrl-sample/images/000000046230.jpg,The dog is on the truck.,"""Where is the dog?"""
/home/kalashkala/visual-spatial-reasoning/truthrl-sample/images/000000137150.jpg,The car is parallel to the cow.,"""What is the orientation of the car relative to the cow?"""
/home/kalashkala/visual-spatial-reasoning/truthrl-sample/images/000000044989.jpg,The bed is beneath the book.,"""Where is the bed relative to the book?"""
/home/kalashkala/visual-spatial-reasoning/truthrl-sample/images/000000350368.jpg,The teddy bear is right of the apple.,"""Where is the teddy bear relative to the apple?"""
/home/kalashkala/visual-spatial-reasoning/truthrl-sample/images/000000435187.jpg,The truck is at the right side of the person.,"""Where is the truck in relation to the person?"""
/home/kalashkala/visual-spatial-reasoning/truthrl-sample/images/000000566886.jpg,The wine glass is touching the person.,"""How is the wine glass positioned relative to the person?"""
/home/kalashkala/visual-spatial-reasoning/truthrl-sample/images/000000243199.jpg,The laptop is on the bed.,"""Where is the laptop in relation to the bed?"""
/home/kalashkala/visual-spatial-reasoning/truthrl-sample/images/000000576695.jpg,The refrigerator is behind the orange.,"""Where is the refrigerator relative to the orange?"""
/home/kalashkala/visual-spatial-reasoning/truthrl-sample/images/000000335844.jpg,The pizza is inside the microwave.,"""Where is the pizza relative to the microwave?"""
/home/kalashkala/visual-spatial-reasoning/truthrl-sample/images/000000416006.jpg,The cat is on top of the laptop.,"""Where is the cat relative to the laptop?"""
/home/kalashkala/visual-spatial-reasoning/truthrl-sample/images/000000459056.jpg,The person is at the edge of the bed.,"""What is the position of the person in relation to the bed?"""
/home/kalashkala/visual-spatial-reasoning/truthrl-sample/images/000000565986.jpg,The pizza is above the couch.,"""Where is the pizza relative to the couch?"""
/home/kalashkala/visual-spatial-reasoning/truthrl-sample/images/000000262552.jpg,The bowl is next to the hot dog.,"""Where is the bowl relative to the hot dog?"""
/home/kalashkala/visual-spatial-reasoning/truthrl-sample/images/000000061794.jpg,The suitcase contains the dog.,"""Where is the dog in relation to the suitcase?"""
/home/kalashkala/visual-spatial-reasoning/truthrl-sample/images/000000316157.jpg,The elephant is part of the stop sign.,"""What is the relationship between the elephant and the stop sign?"""
/home/kalashkala/visual-spatial-reasoning/truthrl-sample/images/000000438497.jpg,The person is at the left side of the cake.,"""Where is the person in relation to the cake?"""
/home/kalashkala/visual-spatial-reasoning/truthrl-sample/images/000000494891.jpg,The cat is in the sink.,"""Where is the cat?"""
/home/kalashkala/visual-spatial-reasoning/truthrl-sample/images/000000144358.jpg,The refrigerator is behind the person.,"""Where is the refrigerator relative to the person?"""
